,hardness-agree,hardness-maj,hardness-votes,n_votes,prep,rigidness-agree,rigidness-maj,rigidness-votes,size-agree,size-maj,size-votes,sub,verb,verb-speed-agree,verb-speed-maj,verb-speed-votes,weight-agree,weight-maj,weight-votes
0,2,-42,"[-42, -42, -1]",3,over,1,-42,"[-42, -1, 1]",2,-1,"[-42, -1, -1]",_op,took,2,-42,"[-42, 1, -42]",2,-1,"[-42, -1, -1]"
1,3,1,"[1, 1, 1]",3,off,1,-42,"[1, -1, -42]",3,1,"[1, 1, 1]",_op,took,1,-42,"[-1, 1, -42]",3,1,"[1, 1, 1]"
2,2,-42,"[1, -42, -42]",3,up,3,-42,"[-42, -42, -42]",2,-42,"[1, -42, -42]",_op,took,2,-42,"[-42, 1, -42]",2,-42,"[1, -42, -42]"
3,3,1,"[1, 1, 1]",3,out,2,-1,"[-1, -1, 1]",2,1,"[1, 1, -42]",_op,took,3,1,"[1, 1, 1]",2,1,"[1, 1, -42]"
4,1,-42,"[1, -1, -42]",3,over,2,-42,"[-42, -1, -42]",2,-1,"[-42, -1, -1]",_p,took,3,1,"[1, 1, 1]",2,-1,"[-42, -1, -1]"
5,2,-42,"[-42, -42, 1]",3,up,2,-42,"[-42, -42, 1]",2,1,"[1, -42, 1]",_p,took,1,-42,"[-1, -42, 1]",2,1,"[1, -42, 1]"
6,2,1,"[-42, 1, 1]",3,in,2,-42,"[-42, 1, -42]",3,1,"[1, 1, 1]",_p,took,2,-42,"[-42, -42, -1]",3,1,"[1, 1, 1]"
7,3,1,"[1, 1, 1]",3,out,2,-1,"[-42, -1, -1]",3,1,"[1, 1, 1]",_p,took,2,-42,"[-42, -42, 1]",3,1,"[1, 1, 1]"
8,3,1,"[1, 1, 1]",3,,2,-42,"[-42, -42, -1]",3,1,"[1, 1, 1]",_d,took,1,-42,"[1, -1, -42]",3,1,"[1, 1, 1]"
9,2,-42,"[1, -42, -42]",3,,2,-42,"[-42, -1, -42]",2,1,"[1, -1, 1]",_od,took,1,-42,"[-1, -42, 1]",2,1,"[1, -1, 1]"
10,3,-42,"[-42, -42, -42]",3,on,3,-42,"[-42, -42, -42]",2,-42,"[-42, -42, -1]",_dp,took,2,1,"[1, -42, 1]",2,-42,"[-42, -42, -1]"
11,3,-1,"[-1, -1, -1]",3,from,1,-42,"[1, -1, -42]",3,-1,"[-1, -1, -1]",_dp,took,2,-42,"[-42, 1, -42]",3,-1,"[-1, -1, -1]"
12,2,-42,"[-42, 1, -42]",3,by,2,-42,"[-1, -42, -42]",2,1,"[-1, 1, 1]",_dp,took,3,-42,"[-42, -42, -42]",3,1,"[1, 1, 1]"
13,3,-1,"[-1, -1, -1]",3,at,3,-1,"[-1, -1, -1]",3,-1,"[-1, -1, -1]",_dp,took,2,1,"[1, 1, -1]",3,-1,"[-1, -1, -1]"
14,2,-42,"[-42, -1, -42]",3,of,2,-1,"[-1, -1, 1]",3,-1,"[-1, -1, -1]",_dp,took,3,-42,"[-42, -42, -42]",3,-1,"[-1, -1, -1]"
15,2,-42,"[-42, -1, -42]",3,over,2,-42,"[-42, -1, -42]",2,1,"[1, -1, 1]",_op,walked,3,1,"[1, 1, 1]",1,-42,"[-42, -1, 1]"
16,2,-1,"[1, -1, -1]",3,in,1,-42,"[1, -1, -42]",2,-1,"[1, -1, -1]",_op,walked,3,1,"[1, 1, 1]",2,-1,"[1, -1, -1]"
17,2,1,"[-1, 1, 1]",3,on,2,-1,"[-1, 1, -1]",2,1,"[-1, 1, 1]",_op,walked,3,1,"[1, 1, 1]",1,-42,"[-1, -42, 1]"
18,2,-42,"[-42, -1, -42]",3,into,2,-1,"[-42, -1, -1]",2,-1,"[-42, -1, -1]",_op,walked,3,1,"[1, 1, 1]",2,-1,"[-42, -1, -1]"
19,1,-42,"[-42, -1, 1]",3,through,3,-1,"[-1, -1, -1]",3,-1,"[-1, -1, -1]",_op,walked,3,1,"[1, 1, 1]",2,-1,"[-1, -1, 1]"
20,2,-42,"[-42, -42, 1]",3,with,3,-42,"[-42, -42, -42]",1,-42,"[-1, -42, 1]",_op,walked,3,-42,"[-42, -42, -42]",2,-42,"[-42, -42, 1]"
21,2,-1,"[-1, -1, -42]",3,over,3,-1,"[-1, -1, -1]",2,-1,"[-1, -1, 1]",_p,walked,3,1,"[1, 1, 1]",2,-1,"[-1, -1, -42]"
22,2,-42,"[-42, -42, -1]",3,up,3,-1,"[-1, -1, -1]",3,-1,"[-1, -1, -1]",_p,walked,3,1,"[1, 1, 1]",3,-1,"[-1, -1, -1]"
23,2,-1,"[-1, -42, -1]",3,in,2,-1,"[-1, -1, -42]",3,-1,"[-1, -1, -1]",_p,walked,3,1,"[1, 1, 1]",2,-1,"[-1, -1, -42]"
24,2,-1,"[1, -1, -1]",3,into,2,-1,"[-42, -1, -1]",3,-1,"[-1, -1, -1]",_p,walked,3,1,"[1, 1, 1]",3,-1,"[-1, -1, -1]"
25,2,1,"[1, -42, 1]",3,through,2,1,"[1, -42, 1]",1,-42,"[-42, -1, 1]",_p,walked,2,1,"[1, 1, -42]",2,1,"[1, -1, 1]"
26,2,-42,"[-42, -42, 1]",3,with,2,-42,"[-42, -42, -1]",3,-42,"[-42, -42, -42]",_p,walked,3,-42,"[-42, -42, -42]",2,-42,"[-42, -42, 1]"
27,2,-1,"[-1, -42, -1]",3,down,2,-1,"[-1, -42, -1]",2,-1,"[-1, -42, -1]",_p,walked,1,-42,"[1, -42, -1]",2,-1,"[-1, -42, -1]"
28,2,1,"[-1, 1, 1]",3,,2,-42,"[-42, -1, -42]",2,1,"[-1, 1, 1]",_d,walked,2,-42,"[-42, 1, -42]",2,1,"[-1, 1, 1]"
29,2,-42,"[-42, -1, -42]",3,,1,-42,"[1, -1, -42]",2,-42,"[-42, -1, -42]",_od,walked,2,1,"[1, 1, -42]",2,-42,"[-42, -1, -42]"
30,2,-42,"[-42, -42, -1]",3,in,2,-1,"[-42, -1, -1]",2,-1,"[-42, -1, -1]",_dp,walked,3,1,"[1, 1, 1]",2,-1,"[-42, -1, -1]"
31,1,-42,"[-42, -1, 1]",3,into,2,-42,"[-42, -1, -42]",3,-1,"[-1, -1, -1]",_dp,walked,3,1,"[1, 1, 1]",2,-1,"[-42, -1, -1]"
32,1,-42,"[-1, 1, -42]",3,through,2,-1,"[-1, 1, -1]",2,-1,"[-1, 1, -1]",_dp,walked,3,1,"[1, 1, 1]",1,-42,"[-42, 1, -1]"
33,2,-1,"[1, -1, -1]",3,with,2,-42,"[-42, -42, -1]",2,-1,"[1, -1, -1]",_dp,walked,2,-42,"[-42, -42, 1]",2,-1,"[1, -1, -1]"
34,2,-42,"[-1, -42, -42]",3,down,3,-1,"[-1, -1, -1]",2,-1,"[-1, -42, -1]",_dp,walked,3,1,"[1, 1, 1]",2,-1,"[-1, -42, -1]"
35,2,-42,"[-42, -42, -1]",3,for,2,-42,"[-42, -42, -1]",2,-1,"[-42, -1, -1]",_dp,walked,2,-42,"[-42, -42, -1]",1,-42,"[-42, 1, -1]"
36,3,1,"[1, 1, 1]",3,up,2,1,"[1, -1, 1]",3,1,"[1, 1, 1]",_op,threw,2,-1,"[-1, -1, -42]",3,1,"[1, 1, 1]"
37,3,1,"[1, 1, 1]",3,out,1,-42,"[1, -42, -1]",2,1,"[1, -42, 1]",_op,threw,2,1,"[1, -1, 1]",2,1,"[1, -42, 1]"
38,3,1,"[1, 1, 1]",3,down,2,-1,"[-1, -1, -42]",3,1,"[1, 1, 1]",_op,threw,3,-1,"[-1, -1, -1]",3,1,"[1, 1, 1]"
39,2,1,"[1, -42, 1]",3,for,1,-42,"[-1, -42, 1]",2,1,"[1, -42, 1]",_op,threw,1,-42,"[-1, -42, 1]",2,1,"[1, -42, 1]"
40,3,1,"[1, 1, 1]",3,up,2,1,"[1, 1, -42]",3,1,"[1, 1, 1]",_p,threw,2,-1,"[-1, -1, -42]",3,1,"[1, 1, 1]"
41,3,1,"[1, 1, 1]",3,out,2,-1,"[-1, -1, -42]",2,1,"[1, -1, 1]",_p,threw,2,-1,"[1, -1, -1]",3,1,"[1, 1, 1]"
42,2,1,"[-42, 1, 1]",3,with,3,-42,"[-42, -42, -42]",3,1,"[1, 1, 1]",_p,threw,1,-42,"[1, -42, -1]",2,1,"[-42, 1, 1]"
43,1,-42,"[-42, 1, -1]",3,down,2,-42,"[-42, -42, -1]",3,1,"[1, 1, 1]",_p,threw,3,-1,"[-1, -1, -1]",3,1,"[1, 1, 1]"
44,1,-42,"[-1, 1, -42]",3,at,2,-1,"[-1, -1, 1]",2,-42,"[-42, 1, -42]",_p,threw,2,1,"[1, 1, -1]",2,1,"[1, 1, -42]"
45,3,1,"[1, 1, 1]",3,,3,-1,"[-1, -1, -1]",3,1,"[1, 1, 1]",_d,threw,3,-1,"[-1, -1, -1]",3,1,"[1, 1, 1]"
46,2,1,"[1, -42, 1]",3,,2,-42,"[1, -42, -42]",2,1,"[1, -1, 1]",_od,threw,1,-42,"[-1, -42, 1]",2,1,"[1, -1, 1]"
47,1,-42,"[-1, -42, 1]",3,in,3,-1,"[-1, -1, -1]",2,-1,"[-1, -1, 1]",_dp,threw,1,-42,"[-42, 1, -1]",2,1,"[-1, 1, 1]"
48,3,-1,"[-1, -1, -1]",3,on,3,-1,"[-1, -1, -1]",3,-1,"[-1, -1, -1]",_dp,threw,2,1,"[-1, 1, 1]",2,-1,"[-1, -42, -1]"
49,2,-1,"[-42, -1, -1]",3,into,2,-42,"[-42, -1, -42]",3,-1,"[-1, -1, -1]",_dp,threw,2,1,"[1, -42, 1]",2,-1,"[-42, -1, -1]"
50,1,-42,"[1, -1, -42]",3,with,2,1,"[1, 1, -42]",2,-1,"[-1, -1, -42]",_dp,threw,3,1,"[1, 1, 1]",2,-1,"[-1, -1, 1]"
51,2,-1,"[-1, -42, -1]",3,at,1,-42,"[-1, -42, 1]",2,-1,"[-1, -42, -1]",_dp,threw,3,1,"[1, 1, 1]",2,-1,"[-1, -42, -1]"
52,1,-42,"[1, -1, -42]",3,around,1,-42,"[1, -1, -42]",2,-1,"[1, -1, -1]",_dp,threw,1,-42,"[-42, 1, -1]",2,-1,"[1, -1, -1]"
53,2,1,"[1, -42, 1]",3,off,3,-1,"[-1, -1, -1]",1,-42,"[1, -42, -1]",_op,dropped,3,1,"[1, 1, 1]",2,1,"[1, -42, 1]"
54,2,-1,"[1, -1, -1]",3,on,2,-1,"[1, -1, -1]",3,-1,"[-1, -1, -1]",_op,dropped,2,1,"[1, -1, 1]",2,-1,"[-42, -1, -1]"
55,2,-42,"[-1, -42, -42]",3,into,1,-42,"[1, -1, -42]",3,-1,"[-1, -1, -1]",_op,dropped,3,1,"[1, 1, 1]",1,-42,"[1, -1, -42]"
56,2,-1,"[-42, -1, -1]",3,from,2,-1,"[-42, -1, -1]",2,-1,"[-1, -1, 1]",_op,dropped,3,1,"[1, 1, 1]",2,-1,"[-1, 1, -1]"
57,2,1,"[1, 1, -42]",3,off,2,-1,"[-1, -1, -42]",2,1,"[1, 1, -42]",_p,dropped,2,1,"[1, 1, -42]",2,1,"[1, 1, -42]"
58,2,-42,"[-42, -1, -42]",3,in,1,-42,"[-42, -1, 1]",3,-1,"[-1, -1, -1]",_p,dropped,3,1,"[1, 1, 1]",1,-42,"[-42, -1, 1]"
59,2,-1,"[-42, -1, -1]",3,from,3,-1,"[-1, -1, -1]",3,-1,"[-1, -1, -1]",_p,dropped,3,1,"[1, 1, 1]",3,-1,"[-1, -1, -1]"
60,2,-42,"[-42, -42, 1]",3,,2,-42,"[-42, -42, -1]",3,1,"[1, 1, 1]",_d,dropped,2,-1,"[-1, -1, 1]",3,1,"[1, 1, 1]"
61,2,1,"[-42, 1, 1]",3,,3,-42,"[-42, -42, -42]",2,1,"[-42, 1, 1]",_od,dropped,3,-1,"[-1, -1, -1]",2,1,"[-42, 1, 1]"
62,2,-42,"[-42, -42, -1]",3,in,3,-42,"[-42, -42, -42]",3,-1,"[-1, -1, -1]",_dp,dropped,3,1,"[1, 1, 1]",2,-1,"[-1, -42, -1]"
63,2,-1,"[1, -1, -1]",3,on,3,-1,"[-1, -1, -1]",2,-1,"[1, -1, -1]",_dp,dropped,2,-1,"[-1, 1, -1]",2,-1,"[1, -1, -1]"
64,2,-1,"[-1, -42, -1]",3,into,2,-1,"[-1, -42, -1]",2,-1,"[-1, -1, -42]",_dp,dropped,2,1,"[1, 1, -42]",2,-1,"[-1, -42, -1]"
65,2,-42,"[-42, 1, -42]",3,with,2,1,"[-42, 1, 1]",1,-42,"[-42, 1, -1]",_dp,dropped,3,-42,"[-42, -42, -42]",2,-42,"[-42, 1, -42]"
66,3,-1,"[-1, -1, -1]",3,from,3,-1,"[-1, -1, -1]",3,-1,"[-1, -1, -1]",_dp,dropped,2,1,"[1, 1, -1]",3,-1,"[-1, -1, -1]"
67,2,1,"[1, 1, -1]",3,in,2,1,"[1, 1, -1]",2,-1,"[1, -1, -1]",_op,grew,2,-42,"[-42, -42, 1]",2,-1,"[1, -1, -1]"
68,2,-1,"[-1, -42, -1]",3,into,2,-42,"[-42, -42, -1]",3,-1,"[-1, -1, -1]",_op,grew,2,-42,"[-42, 1, -42]",2,-1,"[-1, 1, -1]"
69,2,-42,"[1, -42, -42]",3,with,2,1,"[1, 1, -42]",1,-42,"[1, -42, -1]",_op,grew,2,-42,"[-1, -42, -42]",2,1,"[1, 1, -1]"
70,3,-42,"[-42, -42, -42]",3,from,2,-1,"[-42, -1, -1]",1,-42,"[-42, 1, -1]",_op,grew,3,-42,"[-42, -42, -42]",1,-42,"[-42, 1, -1]"
71,2,-42,"[-42, -1, -42]",3,by,2,-42,"[-42, -1, -42]",1,-42,"[-42, -1, 1]",_op,grew,3,-42,"[-42, -42, -42]",2,-42,"[-42, -1, -42]"
72,2,-42,"[1, -42, -42]",3,in,2,-42,"[-1, -42, -42]",2,-42,"[1, -42, -42]",_p,grew,3,-42,"[-42, -42, -42]",2,-42,"[1, -42, -42]"
73,3,-42,"[-42, -42, -42]",3,into,2,-42,"[-42, -42, -1]",2,1,"[1, -42, 1]",_p,grew,2,-42,"[-42, -42, 1]",2,1,"[1, -42, 1]"
74,2,-42,"[-1, -42, -42]",3,with,3,-42,"[-42, -42, -42]",2,-42,"[-1, -42, -42]",_p,grew,3,-42,"[-42, -42, -42]",1,-42,"[-1, 1, -42]"
75,2,1,"[-42, 1, 1]",3,from,2,-42,"[-1, -42, -42]",2,1,"[-42, 1, 1]",_p,grew,2,-42,"[1, -42, -42]",2,1,"[-42, 1, 1]"
76,1,-42,"[1, -1, -42]",3,by,2,-42,"[-42, -1, -42]",2,1,"[1, -1, 1]",_p,grew,2,1,"[1, 1, -42]",2,1,"[1, -1, 1]"
77,2,-42,"[-42, -42, -1]",3,,1,-42,"[-42, 1, -1]",1,-42,"[1, -42, -1]",_d,grew,2,1,"[1, -42, 1]",2,-42,"[-42, -42, -1]"
78,2,1,"[1, -42, 1]",3,,2,-42,"[1, -42, -42]",2,1,"[1, -42, 1]",_od,grew,2,-42,"[1, -42, -42]",2,1,"[1, -42, 1]"
79,1,-42,"[-42, 1, -1]",3,in,2,-1,"[-1, -42, -1]",3,-1,"[-1, -1, -1]",_dp,grew,3,-42,"[-42, -42, -42]",3,-1,"[-1, -1, -1]"
80,1,-42,"[-1, -42, 1]",3,with,2,-1,"[-1, -42, -1]",1,-42,"[-1, -42, 1]",_dp,grew,2,-42,"[-42, -42, 1]",1,-42,"[-1, -42, 1]"
81,2,-1,"[-1, -42, -1]",3,by,2,-1,"[1, -1, -1]",2,-1,"[-1, 1, -1]",_dp,grew,2,1,"[1, 1, -1]",2,-1,"[-1, -42, -1]"
82,3,1,"[1, 1, 1]",3,of,1,-42,"[1, -1, -42]",3,1,"[1, 1, 1]",_dp,grew,2,-42,"[-42, 1, -42]",3,1,"[1, 1, 1]"
83,2,-42,"[-42, -1, -42]",3,for,3,-42,"[-42, -42, -42]",2,-1,"[-42, -1, -1]",_dp,grew,2,-42,"[-42, -42, 1]",2,-1,"[-42, -1, -1]"
84,2,1,"[1, -1, 1]",3,off,2,-1,"[-1, -1, -42]",3,1,"[1, 1, 1]",_op,cut,1,-42,"[1, -1, -42]",3,1,"[1, 1, 1]"
85,3,1,"[1, 1, 1]",3,out,2,1,"[1, 1, -1]",3,1,"[1, 1, 1]",_op,cut,3,1,"[1, 1, 1]",3,1,"[1, 1, 1]"
86,1,-42,"[-42, -1, 1]",3,down,3,-1,"[-1, -1, -1]",1,-42,"[1, -42, -1]",_op,cut,1,-42,"[-1, 1, -42]",2,-1,"[-1, -1, -42]"
87,2,1,"[-42, 1, 1]",3,off,2,-42,"[-42, 1, -42]",2,-42,"[-42, -42, 1]",_p,cut,2,1,"[1, -42, 1]",2,1,"[-42, 1, 1]"
88,2,1,"[1, 1, -1]",3,in,2,-1,"[-1, 1, -1]",2,1,"[-1, 1, 1]",_p,cut,3,1,"[1, 1, 1]",2,-1,"[-1, 1, -1]"
89,3,1,"[1, 1, 1]",3,out,2,1,"[1, -1, 1]",3,1,"[1, 1, 1]",_p,cut,2,-42,"[-42, -42, 1]",3,1,"[1, 1, 1]"
90,2,1,"[1, -1, 1]",3,with,1,-42,"[1, -1, -42]",3,1,"[1, 1, 1]",_p,cut,2,-42,"[-1, -42, -42]",3,1,"[1, 1, 1]"
91,2,-1,"[-1, 1, -1]",3,down,2,1,"[1, 1, -1]",2,-1,"[-1, -42, -1]",_p,cut,2,1,"[1, -1, 1]",2,-1,"[-1, -42, -1]"
92,3,1,"[1, 1, 1]",3,,3,1,"[1, 1, 1]",2,1,"[1, -42, 1]",_d,cut,2,-42,"[-42, -42, 1]",2,1,"[1, -42, 1]"
93,3,1,"[1, 1, 1]",3,,2,1,"[-42, 1, 1]",1,-42,"[-42, 1, -1]",_od,cut,2,1,"[1, -42, 1]",1,-42,"[-42, 1, -1]"
94,2,-1,"[-42, -1, -1]",3,in,1,-42,"[-42, -1, 1]",2,-1,"[1, -1, -1]",_dp,cut,2,-42,"[-42, 1, -42]",2,-1,"[1, -1, -1]"
95,1,-42,"[1, -42, -1]",3,into,1,-42,"[1, -42, -1]",2,-1,"[-1, 1, -1]",_dp,cut,2,1,"[1, -42, 1]",2,-1,"[-1, -42, -1]"
96,3,-1,"[-1, -1, -1]",3,with,3,-1,"[-1, -1, -1]",1,-42,"[-1, -42, 1]",_dp,cut,3,-1,"[-1, -1, -1]",2,-1,"[-1, -42, -1]"
97,2,-1,"[-1, 1, -1]",3,from,2,-1,"[-1, -42, -1]",2,-1,"[-1, 1, -1]",_dp,cut,3,1,"[1, 1, 1]",2,-1,"[-1, 1, -1]"
98,3,-1,"[-1, -1, -1]",3,of,2,-1,"[-42, -1, -1]",3,-1,"[-1, -1, -1]",_dp,cut,3,-42,"[-42, -42, -42]",3,-1,"[-1, -1, -1]"
99,2,-42,"[-42, -42, -1]",3,in,2,-1,"[-1, -42, -1]",3,-1,"[-1, -1, -1]",_op,drank,2,-42,"[-42, -42, -1]",1,-42,"[-1, -42, 1]"
100,1,-42,"[-42, -1, 1]",3,with,2,-42,"[-42, 1, -42]",2,-42,"[-42, -1, -42]",_op,drank,2,-42,"[-42, -1, -42]",1,-42,"[-42, -1, 1]"
101,2,-1,"[-1, -42, -1]",3,at,2,-42,"[-1, -42, -42]",2,-1,"[-1, -42, -1]",_op,drank,2,-42,"[1, -42, -42]",2,-42,"[-1, -42, -42]"
102,2,-42,"[-42, -42, 1]",3,in,2,-1,"[-1, -1, 1]",2,-1,"[-1, -1, 1]",_p,drank,2,-42,"[1, -42, -42]",2,-1,"[-1, -1, 1]"
103,2,1,"[-1, 1, 1]",3,from,2,-1,"[1, -1, -1]",3,1,"[1, 1, 1]",_p,drank,2,1,"[1, 1, -42]",3,1,"[1, 1, 1]"
104,1,-42,"[-1, -42, 1]",3,at,2,-1,"[-1, -42, -1]",1,-42,"[-1, -42, 1]",_p,drank,2,-42,"[-42, -42, 1]",1,-42,"[-1, -42, 1]"
105,3,1,"[1, 1, 1]",3,,3,1,"[1, 1, 1]",3,1,"[1, 1, 1]",_d,drank,2,-1,"[-1, -1, 1]",3,1,"[1, 1, 1]"
106,3,1,"[1, 1, 1]",3,,3,1,"[1, 1, 1]",3,1,"[1, 1, 1]",_od,drank,1,-42,"[1, -1, -42]",3,1,"[1, 1, 1]"
107,3,-1,"[-1, -1, -1]",3,in,2,-1,"[-1, -42, -1]",3,-1,"[-1, -1, -1]",_dp,drank,2,1,"[1, 1, -42]",3,-1,"[-1, -1, -1]"
108,2,-1,"[-1, -1, -42]",3,with,1,-42,"[-1, 1, -42]",2,-1,"[-1, -1, -42]",_dp,drank,2,-1,"[-1, -1, -42]",2,-1,"[-1, -1, -42]"
109,2,-1,"[-1, 1, -1]",3,at,1,-42,"[-1, 1, -42]",2,-1,"[-1, 1, -1]",_dp,drank,2,1,"[1, 1, -42]",2,-1,"[-1, 1, -1]"
110,2,1,"[1, 1, -42]",3,up,2,-42,"[1, -42, -42]",2,1,"[1, 1, -1]",_op,gazed,2,1,"[1, 1, -42]",2,1,"[1, 1, -42]"
111,2,-1,"[-1, -42, -1]",3,out,3,-1,"[-1, -1, -1]",2,-42,"[-1, -42, -42]",_op,gazed,1,-42,"[-1, 1, -42]",2,-42,"[-1, -42, -42]"
112,3,-42,"[-42, -42, -42]",3,with,3,-42,"[-42, -42, -42]",2,-42,"[-42, 1, -42]",_op,gazed,3,-42,"[-42, -42, -42]",2,-42,"[-42, 1, -42]"
113,3,-42,"[-42, -42, -42]",3,at,2,-42,"[-42, -1, -42]",2,-42,"[1, -42, -42]",_op,gazed,2,-42,"[-42, -1, -42]",3,-42,"[-42, -42, -42]"
114,3,-42,"[-42, -42, -42]",3,upon,2,-1,"[-42, -1, -1]",2,-42,"[-42, 1, -42]",_op,gazed,2,1,"[-42, 1, 1]",3,-42,"[-42, -42, -42]"
115,1,-42,"[-1, -42, 1]",3,in,1,-42,"[1, -42, -1]",2,-1,"[-1, -42, -1]",_p,gazed,1,-42,"[-1, -42, 1]",2,1,"[1, -42, 1]"
116,2,-42,"[1, -42, -42]",3,out,2,-1,"[-1, -42, -1]",2,-42,"[-42, -42, -1]",_p,gazed,2,-42,"[1, -42, -42]",2,-42,"[-42, 1, -42]"
117,2,-1,"[-1, -42, -1]",3,into,2,-1,"[-1, -42, -1]",2,-1,"[-1, -42, -1]",_p,gazed,2,1,"[1, -42, 1]",1,-42,"[-1, -42, 1]"
118,2,1,"[-42, 1, 1]",3,with,2,1,"[-1, 1, 1]",3,1,"[1, 1, 1]",_p,gazed,2,-1,"[-1, 1, -1]",3,1,"[1, 1, 1]"
119,2,-42,"[-42, 1, -42]",3,at,2,-1,"[-1, -1, -42]",1,-42,"[-1, 1, -42]",_p,gazed,2,-42,"[-42, 1, -42]",1,-42,"[-1, 1, -42]"
120,2,-1,"[1, -1, -1]",3,upon,3,-1,"[-1, -1, -1]",3,-1,"[-1, -1, -1]",_p,gazed,2,1,"[-1, 1, 1]",3,-1,"[-1, -1, -1]"
121,2,-42,"[-42, -42, 1]",3,,3,-42,"[-42, -42, -42]",1,-42,"[-42, -1, 1]",_d,gazed,2,-42,"[-42, -42, 1]",2,-42,"[-42, -42, 1]"
122,2,1,"[-42, 1, 1]",3,,2,-42,"[-42, -42, -1]",2,1,"[-1, 1, 1]",_od,gazed,3,1,"[1, 1, 1]",2,1,"[-1, 1, 1]"
123,2,-1,"[-1, 1, -1]",3,on,2,-42,"[1, -42, -42]",1,-42,"[-1, 1, -42]",_op,swung,2,-42,"[-42, -42, 1]",2,1,"[1, 1, -42]"
124,1,-42,"[-42, -1, 1]",3,into,2,-1,"[-42, -1, -1]",1,-42,"[-42, -1, 1]",_op,swung,2,1,"[1, -1, 1]",1,-42,"[-42, -1, 1]"
125,3,-1,"[-1, -1, -1]",3,from,2,-1,"[-1, -1, -42]",3,-1,"[-1, -1, -1]",_op,swung,3,1,"[1, 1, 1]",3,-1,"[-1, -1, -1]"
126,2,-1,"[-1, -42, -1]",3,around,1,-42,"[-1, -42, 1]",1,-42,"[-1, -42, 1]",_op,swung,1,-42,"[1, -42, -1]",1,-42,"[-1, -42, 1]"
127,2,-42,"[-42, -42, -1]",3,on,1,-42,"[1, -42, -1]",1,-42,"[1, -42, -1]",_p,swung,2,-42,"[-42, -42, 1]",1,-42,"[1, -42, -1]"
128,2,1,"[-1, 1, 1]",3,with,2,-1,"[-1, 1, -1]",3,1,"[1, 1, 1]",_p,swung,2,-1,"[-42, -1, -1]",3,1,"[1, 1, 1]"
129,2,-1,"[-1, -1, -42]",3,from,2,-42,"[-42, -1, -42]",2,1,"[1, -1, 1]",_p,swung,2,-42,"[-42, 1, -42]",2,1,"[1, -1, 1]"
130,2,-1,"[-1, -1, -42]",3,by,3,-1,"[-1, -1, -1]",2,-1,"[1, -1, -1]",_p,swung,3,1,"[1, 1, 1]",2,-1,"[1, -1, -1]"
131,2,1,"[-1, 1, 1]",3,around,2,-1,"[-1, 1, -1]",2,1,"[-1, 1, 1]",_p,swung,2,-1,"[1, -1, -1]",2,1,"[-1, 1, 1]"
132,2,1,"[-42, 1, 1]",3,,3,-42,"[-42, -42, -42]",3,1,"[1, 1, 1]",_d,swung,3,-1,"[-1, -1, -1]",3,1,"[1, 1, 1]"
133,1,-42,"[1, -42, -1]",3,,2,-1,"[-42, -1, -1]",3,1,"[1, 1, 1]",_od,swung,3,-1,"[-1, -1, -1]",3,1,"[1, 1, 1]"
134,2,-42,"[-42, 1, -42]",3,over,2,-1,"[-1, -42, -1]",1,-42,"[-42, 1, -1]",_dp,swung,2,1,"[1, -1, 1]",2,-1,"[-1, 1, -1]"
135,2,-42,"[-42, -1, -42]",3,over,3,-1,"[-1, -1, -1]",3,-1,"[-1, -1, -1]",_op,jumped,3,1,"[1, 1, 1]",2,-42,"[-42, -1, -42]"
136,2,-1,"[-42, -1, -1]",3,in,1,-42,"[-42, -1, 1]",3,-1,"[-1, -1, -1]",_op,jumped,2,-42,"[-42, 1, -42]",2,-1,"[-42, -1, -1]"
137,2,-1,"[-1, -42, -1]",3,on,2,-1,"[-1, -42, -1]",2,-1,"[-1, 1, -1]",_op,jumped,2,1,"[1, 1, -1]",2,-1,"[-1, 1, -1]"
138,1,-42,"[-42, 1, -1]",3,into,2,-1,"[-1, -42, -1]",3,-1,"[-1, -1, -1]",_op,jumped,3,1,"[1, 1, 1]",2,-42,"[-42, -42, -1]"
139,3,-1,"[-1, -1, -1]",3,from,3,-1,"[-1, -1, -1]",3,-1,"[-1, -1, -1]",_op,jumped,3,1,"[1, 1, 1]",3,-1,"[-1, -1, -1]"
140,1,-42,"[1, -1, -42]",3,in,2,1,"[1, 1, -42]",2,-1,"[-1, -1, -42]",_p,jumped,2,1,"[-1, 1, 1]",2,-1,"[-1, -1, -42]"
141,2,-42,"[-1, -42, -42]",3,out,2,-1,"[-1, -1, -42]",1,-42,"[-1, 1, -42]",_p,jumped,3,1,"[1, 1, 1]",2,-42,"[-1, -42, -42]"
142,3,-1,"[-1, -1, -1]",3,on,2,-1,"[-1, -1, 1]",2,-1,"[-1, -1, 1]",_p,jumped,3,1,"[1, 1, 1]",2,-1,"[-1, -1, -42]"
143,2,-1,"[-1, -1, -42]",3,into,3,-1,"[-1, -1, -1]",3,-1,"[-1, -1, -1]",_p,jumped,2,1,"[-42, 1, 1]",3,-1,"[-1, -1, -1]"
144,3,-1,"[-1, -1, -1]",3,from,3,-1,"[-1, -1, -1]",3,-1,"[-1, -1, -1]",_p,jumped,3,1,"[1, 1, 1]",3,-1,"[-1, -1, -1]"
145,3,1,"[1, 1, 1]",3,at,2,1,"[-42, 1, 1]",3,1,"[1, 1, 1]",_p,jumped,2,1,"[1, 1, -1]",3,1,"[1, 1, 1]"
146,3,1,"[1, 1, 1]",3,,2,1,"[1, -1, 1]",3,1,"[1, 1, 1]",_d,jumped,2,1,"[1, 1, -42]",3,1,"[1, 1, 1]"
147,3,1,"[1, 1, 1]",3,,2,-42,"[-42, -1, -42]",2,1,"[1, 1, -1]",_od,jumped,3,1,"[1, 1, 1]",1,-42,"[-42, 1, -1]"
148,2,1,"[1, 1, -42]",3,in,2,1,"[1, 1, -42]",2,1,"[1, 1, -1]",_dp,jumped,2,1,"[1, -1, 1]",2,1,"[1, 1, -42]"
149,1,-42,"[-1, -42, 1]",3,on,2,-42,"[-1, -42, -42]",1,-42,"[-1, 1, -42]",_dp,jumped,2,1,"[-42, 1, 1]",1,-42,"[-1, 1, -42]"
150,1,-42,"[-42, 1, -1]",3,of,1,-42,"[-42, 1, -1]",1,-42,"[-42, 1, -1]",_dp,jumped,3,-42,"[-42, -42, -42]",1,-42,"[-42, 1, -1]"
151,3,-42,"[-42, -42, -42]",3,from,3,-42,"[-42, -42, -42]",2,-42,"[-1, -42, -42]",_op,heard,3,-42,"[-42, -42, -42]",2,-42,"[-1, -42, -42]"
152,3,-42,"[-42, -42, -42]",3,of,2,-42,"[-42, -42, -1]",3,-42,"[-42, -42, -42]",_op,heard,3,-42,"[-42, -42, -42]",2,-42,"[1, -42, -42]"
153,2,-42,"[-42, -1, -42]",3,from,2,-42,"[-42, -1, -42]",2,-42,"[-42, -1, -42]",_p,heard,2,-42,"[-42, -1, -42]",2,-42,"[-42, -1, -42]"
154,3,-42,"[-42, -42, -42]",3,of,3,-42,"[-42, -42, -42]",3,-42,"[-42, -42, -42]",_p,heard,3,-42,"[-42, -42, -42]",3,-42,"[-42, -42, -42]"
155,3,-42,"[-42, -42, -42]",3,,3,-42,"[-42, -42, -42]",3,-42,"[-42, -42, -42]",_d,heard,2,-42,"[-42, -42, -1]",3,-42,"[-42, -42, -42]"
156,2,-42,"[-42, -42, 1]",3,,3,-42,"[-42, -42, -42]",2,1,"[1, -42, 1]",_od,heard,3,-42,"[-42, -42, -42]",2,1,"[1, -42, 1]"
157,2,-42,"[-42, -1, -42]",3,on,2,-42,"[-42, -1, -42]",2,-42,"[-42, -1, -42]",_dp,heard,2,1,"[-1, 1, 1]",2,-42,"[-42, -1, -42]"
158,2,-1,"[-1, -42, -1]",3,from,2,-42,"[1, -42, -42]",2,-1,"[-1, -42, -1]",_dp,heard,2,-42,"[-42, -42, 1]",2,-1,"[-1, -42, -1]"
159,2,-42,"[-42, -1, -42]",3,at,2,-42,"[-42, -1, -42]",2,-42,"[-42, -1, -42]",_op,looked,2,-42,"[-42, -1, -42]",2,-42,"[-42, -1, -42]"
160,1,-42,"[1, -1, -42]",3,for,2,-42,"[-42, 1, -42]",2,1,"[1, -1, 1]",_op,looked,2,1,"[1, -1, 1]",2,1,"[1, -1, 1]"
161,3,-42,"[-42, -42, -42]",3,like,3,-42,"[-42, -42, -42]",3,-42,"[-42, -42, -42]",_op,looked,3,-42,"[-42, -42, -42]",3,-42,"[-42, -42, -42]"
162,2,-42,"[-42, -42, 1]",3,at,3,-42,"[-42, -42, -42]",2,-42,"[-42, -42, 1]",_p,looked,2,-42,"[-42, -42, 1]",2,-42,"[-42, -42, 1]"
163,2,-42,"[-42, -42, -1]",3,for,2,-42,"[-42, -42, -1]",2,-42,"[-42, -42, 1]",_p,looked,3,-42,"[-42, -42, -42]",2,-42,"[-42, -42, 1]"
164,2,-42,"[1, -42, -42]",3,like,2,-42,"[-1, -42, -42]",2,-42,"[1, -42, -42]",_p,looked,2,-42,"[1, -42, -42]",2,-42,"[1, -42, -42]"
165,2,-42,"[-42, -42, 1]",3,,2,-42,"[-42, -42, 1]",2,1,"[-42, 1, 1]",_d,looked,2,-42,"[-42, -42, -1]",2,1,"[-42, 1, 1]"
166,1,-42,"[1, -42, -1]",3,,3,-42,"[-42, -42, -42]",2,-42,"[1, -42, -42]",_od,looked,3,-42,"[-42, -42, -42]",1,-42,"[1, -42, -1]"
167,3,-42,"[-42, -42, -42]",3,over,2,-1,"[-42, -1, -1]",2,1,"[-42, 1, 1]",_op,washed,2,1,"[-42, 1, 1]",2,-1,"[-1, -1, 1]"
168,3,-42,"[-42, -42, -42]",3,up,2,-42,"[-42, -1, -42]",2,-42,"[-42, 1, -42]",_op,washed,2,1,"[1, -42, 1]",3,-42,"[-42, -42, -42]"
169,2,-42,"[-42, -42, 1]",3,in,2,-42,"[-42, 1, -42]",1,-42,"[-42, -1, 1]",_op,washed,2,-42,"[-42, -42, -1]",1,-42,"[-42, -1, 1]"
170,3,1,"[1, 1, 1]",3,out,2,-1,"[-1, -1, 1]",2,1,"[1, 1, -42]",_op,washed,2,1,"[1, 1, -42]",2,1,"[1, 1, -42]"
171,2,1,"[1, -42, 1]",3,down,2,-1,"[-1, -42, -1]",2,1,"[1, -42, 1]",_op,washed,2,1,"[1, -42, 1]",2,1,"[1, -42, 1]"
172,1,-42,"[-1, -42, 1]",3,in,2,-1,"[-1, 1, -1]",1,-42,"[-1, -42, 1]",_p,washed,2,1,"[1, -42, 1]",2,-1,"[-1, -1, 1]"
173,2,1,"[1, 1, -42]",3,out,2,-1,"[-42, -1, -1]",2,1,"[1, 1, -42]",_p,washed,2,1,"[1, -42, 1]",2,1,"[1, 1, -42]"
174,2,-42,"[-42, -42, 1]",3,with,2,-42,"[-42, -42, 1]",2,1,"[1, -42, 1]",_p,washed,1,-42,"[-1, -42, 1]",2,1,"[1, -42, 1]"
175,2,-42,"[-42, 1, -42]",3,down,2,-1,"[-42, -1, -1]",2,-42,"[-42, -1, -42]",_p,washed,2,1,"[-42, 1, 1]",2,-42,"[-42, 1, -42]"
176,3,-42,"[-42, -42, -42]",3,from,3,-42,"[-42, -42, -42]",2,1,"[1, -42, 1]",_p,washed,2,-42,"[-42, -42, 1]",2,1,"[1, -42, 1]"
177,2,-42,"[-1, -42, -42]",3,at,3,-1,"[-1, -1, -1]",2,-1,"[-1, -1, -42]",_p,washed,2,1,"[1, -42, 1]",2,-42,"[-1, -42, -42]"
178,2,-42,"[-42, 1, -42]",3,,2,-42,"[-42, 1, -42]",2,-42,"[-42, 1, -42]",_d,washed,2,-42,"[-42, -42, 1]",2,-42,"[-42, 1, -42]"
179,2,-42,"[-42, 1, -42]",3,,2,-42,"[-42, -1, -42]",2,-42,"[-42, 1, -42]",_od,washed,3,1,"[1, 1, 1]",2,-42,"[-42, 1, -42]"
180,2,-42,"[-1, -42, -42]",3,in,3,-1,"[-1, -1, -1]",3,-1,"[-1, -1, -1]",_dp,washed,2,1,"[1, 1, -42]",3,-1,"[-1, -1, -1]"
181,3,1,"[1, 1, 1]",3,with,3,1,"[1, 1, 1]",2,1,"[1, 1, -1]",_dp,washed,2,-1,"[1, -1, -1]",2,1,"[1, 1, -1]"
182,2,-1,"[-1, -1, -42]",3,at,2,-42,"[-42, -1, -42]",3,-1,"[-1, -1, -1]",_dp,washed,2,-42,"[-42, 1, -42]",3,-1,"[-1, -1, -1]"
183,2,-1,"[-1, -1, 1]",3,in,2,1,"[1, -42, 1]",2,1,"[-1, 1, 1]",_op,held,2,-1,"[-1, -1, -42]",2,-1,"[-1, -1, 1]"
184,2,-1,"[-42, -1, -1]",3,by,2,-42,"[-42, -42, -1]",2,-1,"[1, -1, -1]",_op,held,2,-42,"[-42, -1, -42]",2,-1,"[-42, -1, -1]"
185,3,1,"[1, 1, 1]",3,in,2,1,"[1, -42, 1]",2,1,"[-42, 1, 1]",_p,held,2,-42,"[-42, -42, 1]",3,1,"[1, 1, 1]"
186,2,1,"[1, 1, -1]",3,by,2,-1,"[-1, -42, -1]",2,1,"[1, 1, -42]",_p,held,3,-42,"[-42, -42, -42]",2,1,"[1, 1, -1]"
187,2,1,"[1, 1, -42]",3,,2,-42,"[-1, -42, -42]",3,1,"[1, 1, 1]",_d,held,3,-42,"[-42, -42, -42]",3,1,"[1, 1, 1]"
188,1,-42,"[-1, 1, -42]",3,,2,-42,"[-42, 1, -42]",2,1,"[1, 1, -42]",_od,held,3,-42,"[-42, -42, -42]",1,-42,"[-1, 1, -42]"
189,2,-1,"[-1, -1, 1]",3,with,1,-42,"[-1, -42, 1]",2,-1,"[-1, -1, -42]",_dp,held,3,-42,"[-42, -42, -42]",2,-1,"[-1, -1, -42]"
190,4,1,"[1, 1, 1, -1, -42, 1]",6,for,4,1,"[1, 1, 1, 1, -42, -42]",3,1,"[1, 1, 1, -1, -1, -42]",_dp,held,3,-42,"[-1, -1, -42, -1, -42, -42]",4,1,"[1, 1, 1, -1, -1, 1]"
191,2,1,"[1, -42, 1]",3,up,3,-42,"[-42, -42, -42]",2,1,"[1, -42, 1]",_op,dug,3,1,"[1, 1, 1]",2,1,"[1, -42, 1]"
192,2,1,"[-1, 1, 1]",3,in,2,-1,"[-1, -1, 1]",2,-1,"[-1, 1, -1]",_op,dug,3,1,"[1, 1, 1]",2,-1,"[-1, 1, -1]"
193,2,-42,"[1, -42, -42]",3,up,2,-1,"[-1, -1, -42]",1,-42,"[-1, 1, -42]",_p,dug,2,1,"[1, 1, -42]",2,-42,"[-42, 1, -42]"
194,2,-42,"[1, -42, -42]",3,in,1,-42,"[1, -1, -42]",2,-1,"[-42, -1, -1]",_p,dug,3,1,"[1, 1, 1]",2,-42,"[-42, -42, -1]"
195,2,1,"[-42, 1, 1]",3,out,3,-1,"[-1, -1, -1]",3,1,"[1, 1, 1]",_p,dug,3,1,"[1, 1, 1]",3,1,"[1, 1, 1]"
196,2,1,"[-1, 1, 1]",3,into,1,-42,"[-1, -42, 1]",1,-42,"[-1, -42, 1]",_p,dug,3,1,"[1, 1, 1]",1,-42,"[-1, -42, 1]"
197,2,1,"[-1, 1, 1]",3,from,3,-1,"[-1, -1, -1]",2,-1,"[-1, 1, -1]",_p,dug,3,1,"[1, 1, 1]",2,-1,"[-1, 1, -1]"
198,2,-42,"[1, -42, -42]",3,by,3,-42,"[-42, -42, -42]",2,-42,"[1, -42, -42]",_p,dug,2,1,"[1, 1, -42]",2,-42,"[-1, -42, -42]"
199,3,-42,"[-42, -42, -42]",3,for,2,-1,"[-1, -42, -1]",2,1,"[1, -42, 1]",_p,dug,2,1,"[1, -42, 1]",2,-42,"[-42, -42, 1]"
200,2,1,"[1, -42, 1]",3,,2,-1,"[1, -1, -1]",3,-42,"[-42, -42, -42]",_d,dug,3,1,"[1, 1, 1]",2,-42,"[-1, -42, -42]"
201,2,1,"[-42, 1, 1]",3,,1,-42,"[-42, -1, 1]",1,-42,"[-42, -1, 1]",_od,dug,2,1,"[-42, 1, 1]",2,-42,"[-42, -42, 1]"
202,2,-1,"[-42, -1, -1]",3,in,3,-1,"[-1, -1, -1]",3,-1,"[-1, -1, -1]",_dp,dug,2,-42,"[-42, -42, 1]",3,-1,"[-1, -1, -1]"
203,1,-42,"[1, -42, -1]",3,from,3,-1,"[-1, -1, -1]",2,-1,"[1, -1, -1]",_dp,dug,2,1,"[1, -42, 1]",2,-1,"[1, -1, -1]"
204,2,1,"[1, 1, -42]",3,for,1,-42,"[-1, 1, -42]",2,1,"[1, -1, 1]",_dp,dug,2,-42,"[-42, 1, -42]",3,1,"[1, 1, 1]"
205,3,1,"[1, 1, 1]",3,,2,-1,"[-1, 1, -1]",3,1,"[1, 1, 1]",_d,turned,1,-42,"[-1, -42, 1]",3,1,"[1, 1, 1]"
206,1,-42,"[-1, -42, 1]",3,,1,-42,"[-1, -42, 1]",1,-42,"[-1, -42, 1]",_od,turned,2,-1,"[-1, -42, -1]",1,-42,"[-1, -42, 1]"
207,2,-42,"[-42, -1, -42]",3,in,3,-42,"[-42, -42, -42]",3,-1,"[-1, -1, -1]",_dp,turned,3,1,"[1, 1, 1]",3,-1,"[-1, -1, -1]"
208,2,-42,"[-42, -1, -42]",3,into,2,-42,"[-42, -1, -42]",2,-1,"[-42, -1, -1]",_dp,turned,2,-42,"[-42, 1, -42]",2,-1,"[-42, -1, -1]"
209,2,-1,"[-1, -1, 1]",3,in,3,-1,"[-1, -1, -1]",2,1,"[-1, 1, 1]",_op,reached,2,1,"[-42, 1, 1]",2,1,"[-1, 1, 1]"
210,2,1,"[1, -42, 1]",3,for,1,-42,"[-1, -42, 1]",2,1,"[1, -42, 1]",_op,reached,2,-42,"[-42, -42, 1]",2,1,"[1, -42, 1]"
211,1,-42,"[1, -42, -1]",3,in,2,-1,"[-1, -42, -1]",1,-42,"[1, -42, -1]",_p,reached,2,-42,"[1, -42, -42]",2,-42,"[-42, -42, -1]"
212,3,1,"[1, 1, 1]",3,for,2,-1,"[-1, -1, 1]",3,1,"[1, 1, 1]",_p,reached,3,1,"[1, 1, 1]",3,1,"[1, 1, 1]"
213,2,-1,"[-1, -1, -42]",3,,2,-1,"[-1, -1, -42]",2,-1,"[-1, -1, -42]",_d,reached,2,1,"[1, 1, -42]",2,-1,"[-1, -1, -42]"
214,2,-1,"[-1, -42, -1]",3,,2,-1,"[-1, -42, -1]",2,-1,"[-1, -42, -1]",_od,reached,2,1,"[1, -42, 1]",2,-1,"[-1, -42, -1]"
215,3,1,"[1, 1, 1]",3,with,2,1,"[1, 1, -1]",2,1,"[-42, 1, 1]",_dp,reached,2,-1,"[-1, -1, -42]",3,1,"[1, 1, 1]"
216,2,1,"[1, -42, 1]",3,in,2,-1,"[-1, -1, 1]",3,1,"[1, 1, 1]",_op,wrote,2,1,"[1, -42, 1]",3,1,"[1, 1, 1]"
217,2,-42,"[1, -42, -42]",3,on,1,-42,"[-1, -42, 1]",2,1,"[1, 1, -42]",_op,wrote,2,-42,"[1, -42, -42]",2,1,"[1, 1, -42]"
218,1,-42,"[1, -1, -42]",3,for,1,-42,"[1, -1, -42]",1,-42,"[1, -1, -42]",_op,wrote,1,-42,"[1, -1, -42]",1,-42,"[1, -1, -42]"
219,2,1,"[1, 1, -42]",3,in,1,-42,"[1, -1, -42]",2,1,"[1, 1, -42]",_p,wrote,2,1,"[1, 1, -42]",2,1,"[1, 1, -42]"
220,2,-42,"[-42, -42, 1]",3,on,1,-42,"[-1, -42, 1]",2,-42,"[-42, -42, 1]",_p,wrote,2,1,"[1, -42, 1]",2,-42,"[-42, -42, 1]"
221,2,1,"[1, 1, -42]",3,for,2,-42,"[-42, 1, -42]",2,-42,"[-42, 1, -42]",_p,wrote,3,-42,"[-42, -42, -42]",2,1,"[1, 1, -42]"
222,2,1,"[-42, 1, 1]",3,,2,-42,"[-42, -42, 1]",2,1,"[-42, 1, 1]",_d,wrote,3,-42,"[-42, -42, -42]",2,1,"[-42, 1, 1]"
223,2,-42,"[-42, 1, -42]",3,,2,-42,"[-42, 1, -42]",2,1,"[-42, 1, 1]",_od,wrote,2,-42,"[-42, 1, -42]",2,1,"[-42, 1, 1]"
224,3,-42,"[-42, -42, -42]",3,in,3,-42,"[-42, -42, -42]",2,-42,"[-1, -42, -42]",_dp,wrote,3,-42,"[-42, -42, -42]",2,-42,"[-1, -42, -42]"
225,2,-1,"[1, -1, -1]",3,with,2,-1,"[1, -1, -1]",2,1,"[1, -42, 1]",_dp,wrote,2,-1,"[-1, -1, 1]",1,-42,"[1, -42, -1]"
226,2,-1,"[-1, -1, -42]",3,for,2,-1,"[-1, -1, -42]",2,-1,"[-1, -1, -42]",_dp,wrote,2,-42,"[-42, -1, -42]",2,-1,"[-1, -1, -42]"
227,2,-1,"[-1, -1, -42]",3,with,2,-42,"[-42, -1, -42]",1,-42,"[-42, 1, -1]",_p,conquered,2,-42,"[-42, 1, -42]",2,1,"[1, 1, -1]"
228,1,-42,"[-42, 1, -1]",3,,1,-42,"[-42, 1, -1]",1,-42,"[-42, 1, -1]",_d,conquered,2,-42,"[-42, -42, -1]",2,-42,"[-42, -42, -1]"
229,2,-42,"[-42, -1, -42]",3,,2,-42,"[-42, -1, -42]",2,-42,"[-42, -1, -42]",_od,conquered,2,-42,"[-42, 1, -42]",2,-42,"[-42, -1, -42]"
230,2,-1,"[-1, -42, -1]",3,on,2,-42,"[-42, -42, -1]",3,-1,"[-1, -1, -1]",_dp,conquered,2,-42,"[-42, 1, -42]",3,-1,"[-1, -1, -1]"
231,2,-1,"[-1, 1, -1]",3,with,2,-42,"[-42, -42, -1]",2,1,"[-42, 1, 1]",_dp,conquered,1,-42,"[-42, 1, -1]",2,1,"[-42, 1, 1]"
232,2,1,"[1, 1, -42]",3,by,2,-42,"[-1, -42, -42]",2,-42,"[1, -42, -42]",_dp,conquered,2,-42,"[-1, -42, -42]",3,-42,"[-42, -42, -42]"
233,3,-1,"[-1, -1, -1]",3,,3,-1,"[-1, -1, -1]",3,-1,"[-1, -1, -1]",_d,scaled,3,1,"[1, 1, 1]",3,-1,"[-1, -1, -1]"
234,2,-1,"[-1, -1, -42]",3,,3,-1,"[-1, -1, -1]",3,-1,"[-1, -1, -1]",_od,scaled,3,1,"[1, 1, 1]",3,-1,"[-1, -1, -1]"
235,2,-42,"[-42, -42, -1]",3,in,2,-42,"[-42, -42, -1]",2,-1,"[-1, -42, -1]",_dp,scaled,2,-42,"[-42, -42, 1]",2,-1,"[-1, -42, -1]"
236,1,-42,"[1, -1, -42]",3,with,1,-42,"[1, -1, -42]",1,-42,"[1, -1, -42]",_dp,scaled,2,-42,"[-1, -42, -42]",1,-42,"[1, -1, -42]"
237,3,-1,"[-1, -1, -1]",3,in,3,-1,"[-1, -1, -1]",3,-1,"[-1, -1, -1]",_op,sat,3,1,"[1, 1, 1]",3,-1,"[-1, -1, -1]"
238,2,-1,"[-1, -1, -42]",3,on,2,-1,"[-1, -1, -42]",2,-1,"[-1, -1, -42]",_op,sat,2,1,"[1, 1, -42]",1,-42,"[1, -1, -42]"
239,2,-1,"[-1, -1, -42]",3,in,2,-1,"[-1, -1, -42]",1,-42,"[1, -1, -42]",_p,sat,2,-42,"[-42, 1, -42]",1,-42,"[1, -1, -42]"
240,2,-1,"[-1, -1, 1]",3,on,2,-1,"[1, -1, -1]",3,-1,"[-1, -1, -1]",_p,sat,3,1,"[1, 1, 1]",2,-1,"[-1, -1, 1]"
241,2,1,"[1, 1, -1]",3,,2,-42,"[-42, -42, -1]",2,1,"[1, 1, -1]",_d,sat,2,1,"[1, -42, 1]",2,1,"[1, 1, -1]"
242,2,-1,"[-1, -1, -42]",3,,2,-1,"[-1, -1, -42]",2,-1,"[-1, -1, -42]",_od,sat,2,-42,"[1, -42, -42]",2,-1,"[-1, -1, -42]"
243,2,1,"[1, 1, -42]",3,off,2,1,"[1, 1, -42]",3,1,"[1, 1, 1]",_op,trimmed,3,1,"[1, 1, 1]",3,1,"[1, 1, 1]"
244,1,-42,"[-1, -42, 1]",3,with,2,-1,"[-1, -42, -1]",3,1,"[1, 1, 1]",_op,trimmed,3,-1,"[-1, -1, -1]",3,1,"[1, 1, 1]"
245,2,1,"[1, -42, 1]",3,with,2,-1,"[-1, -1, 1]",3,1,"[1, 1, 1]",_p,trimmed,2,1,"[1, -1, 1]",3,1,"[1, 1, 1]"
246,3,1,"[1, 1, 1]",3,,2,1,"[1, 1, -42]",2,1,"[1, 1, -42]",_d,trimmed,3,1,"[1, 1, 1]",2,1,"[1, 1, -42]"
247,2,1,"[1, -1, 1]",3,,2,-1,"[-1, -1, 1]",2,1,"[1, -1, 1]",_od,trimmed,2,1,"[1, 1, -1]",2,1,"[1, -1, 1]"
248,2,-1,"[-1, -1, -42]",3,in,3,-1,"[-1, -1, -1]",3,-1,"[-1, -1, -1]",_dp,trimmed,2,-42,"[-42, -42, 1]",2,-1,"[-1, -1, -42]"
249,2,-1,"[1, -1, -1]",3,on,2,-1,"[-1, -1, -42]",3,-1,"[-1, -1, -1]",_dp,trimmed,2,1,"[1, 1, -42]",3,-1,"[-1, -1, -1]"
250,2,-1,"[-1, 1, -1]",3,with,3,-1,"[-1, -1, -1]",2,1,"[1, 1, -42]",_dp,trimmed,2,-1,"[-1, -1, -42]",2,1,"[1, 1, -42]"
251,1,-42,"[1, -1, -42]",3,in,1,-42,"[1, -1, -42]",2,-1,"[-1, -1, -42]",_op,stood,3,-42,"[-42, -42, -42]",2,-42,"[-42, -1, -42]"
252,2,-1,"[-1, -1, 1]",3,on,2,-1,"[-1, -1, 1]",1,-42,"[-1, -42, 1]",_op,stood,2,1,"[1, 1, -42]",2,-1,"[-1, -1, 1]"
253,1,-42,"[-1, 1, -42]",3,in,2,-1,"[-1, -42, -1]",3,-1,"[-1, -1, -1]",_p,stood,3,-42,"[-42, -42, -42]",2,-1,"[-1, -1, -42]"
254,2,-1,"[-1, -1, -42]",3,on,3,-1,"[-1, -1, -1]",2,-1,"[-1, -1, -42]",_p,stood,2,-42,"[-42, 1, -42]",2,-1,"[-1, -1, -42]"
255,2,-1,"[-1, 1, -1]",3,,2,-1,"[-1, 1, -1]",1,-42,"[-1, 1, -42]",_d,stood,2,1,"[-42, 1, 1]",2,-1,"[-1, 1, -1]"
256,2,-42,"[-42, -42, 1]",3,,2,-42,"[-42, -42, 1]",2,-42,"[-42, -42, -1]",_od,stood,2,-42,"[-42, -42, 1]",2,-42,"[-42, -42, -1]"
257,2,1,"[1, 1, -1]",3,over,1,-42,"[1, -1, -42]",2,1,"[1, 1, -1]",_op,toppled,3,1,"[1, 1, 1]",2,1,"[1, 1, -1]"
258,2,-42,"[-1, -42, -42]",3,in,2,-42,"[1, -42, -42]",1,-42,"[-1, -42, 1]",_op,toppled,2,1,"[-42, 1, 1]",2,-42,"[-42, -42, 1]"
259,2,-1,"[-42, -1, -1]",3,into,2,-1,"[-42, -1, -1]",2,-1,"[-42, -1, -1]",_op,toppled,3,1,"[1, 1, 1]",2,-42,"[-42, -1, -42]"
260,2,-42,"[-1, -42, -42]",3,from,2,-1,"[-1, -1, -42]",2,-1,"[-1, -1, -42]",_op,toppled,2,1,"[1, 1, -42]",2,-1,"[-1, -1, -42]"
261,2,-42,"[1, -42, -42]",3,like,2,-42,"[1, -42, -42]",2,-42,"[1, -42, -42]",_op,toppled,2,-42,"[-1, -42, -42]",2,-42,"[1, -42, -42]"
262,2,1,"[-42, 1, 1]",3,over,2,-1,"[-42, -1, -1]",2,1,"[-42, 1, 1]",_p,toppled,2,1,"[-42, 1, 1]",2,1,"[-42, 1, 1]"
263,1,-42,"[-1, -42, 1]",3,into,1,-42,"[-1, -42, 1]",3,-1,"[-1, -1, -1]",_p,toppled,3,1,"[1, 1, 1]",3,-1,"[-1, -1, -1]"
264,1,-42,"[-42, -1, 1]",3,from,2,-1,"[-42, -1, -1]",1,-42,"[-42, -1, 1]",_p,toppled,2,1,"[-42, 1, 1]",1,-42,"[-42, -1, 1]"
265,2,1,"[1, -42, 1]",3,,2,1,"[1, -42, 1]",2,1,"[1, -42, 1]",_d,toppled,2,1,"[1, -42, 1]",2,1,"[1, -42, 1]"
266,3,1,"[1, 1, 1]",3,,2,1,"[-42, 1, 1]",3,1,"[1, 1, 1]",_od,toppled,3,1,"[1, 1, 1]",3,1,"[1, 1, 1]"
267,2,-1,"[-42, -1, -1]",3,on,2,-1,"[1, -1, -1]",3,-1,"[-1, -1, -1]",_dp,toppled,3,1,"[1, 1, 1]",3,-1,"[-1, -1, -1]"
268,2,-42,"[1, -42, -42]",3,into,2,-42,"[1, -42, -42]",2,-1,"[-1, 1, -1]",_dp,toppled,2,-1,"[-1, 1, -1]",2,1,"[1, 1, -1]"
269,2,-42,"[-42, -1, -42]",3,on,2,-42,"[-42, -1, -42]",3,-1,"[-1, -1, -1]",_op,began,1,-42,"[1, -1, -42]",2,-1,"[-1, -1, -42]"
270,3,-42,"[-42, -42, -42]",3,at,3,-42,"[-42, -42, -42]",3,-42,"[-42, -42, -42]",_op,began,3,-42,"[-42, -42, -42]",3,-42,"[-42, -42, -42]"
271,2,1,"[1, -1, 1]",3,as,3,-42,"[-42, -42, -42]",2,1,"[1, -1, 1]",_op,began,1,-42,"[1, -1, -42]",1,-42,"[1, -1, -42]"
272,3,-42,"[-42, -42, -42]",3,on,2,-42,"[-1, -42, -42]",3,-1,"[-1, -1, -1]",_p,began,3,1,"[1, 1, 1]",3,-1,"[-1, -1, -1]"
273,3,-42,"[-42, -42, -42]",3,at,1,-42,"[-42, -1, 1]",2,-42,"[1, -42, -42]",_p,began,3,1,"[1, 1, 1]",3,-42,"[-42, -42, -42]"
274,2,-42,"[1, -42, -42]",3,as,2,-42,"[1, -42, -42]",2,-42,"[1, -42, -42]",_p,began,2,-42,"[1, -42, -42]",2,-42,"[1, -42, -42]"
275,2,-42,"[-42, -42, 1]",3,,2,-42,"[-42, -42, -1]",2,-42,"[-42, -42, 1]",_d,began,2,1,"[-42, 1, 1]",2,-42,"[-42, -42, 1]"
276,1,-42,"[-1, 1, -42]",3,,2,-1,"[-1, -1, -42]",1,-42,"[-1, 1, -42]",_od,began,2,1,"[-1, 1, 1]",2,1,"[-1, 1, 1]"
277,1,-42,"[1, -1, -42]",3,as,1,-42,"[-1, 1, -42]",2,-1,"[-1, -1, -42]",_dp,began,2,-42,"[-42, 1, -42]",1,-42,"[1, -1, -42]"
278,1,-42,"[-1, 1, -42]",3,in,2,-42,"[-1, -42, -42]",1,-42,"[-1, 1, -42]",_p,towed,2,-42,"[-42, -1, -42]",1,-42,"[-1, 1, -42]"
279,1,-42,"[-1, -42, 1]",3,on,2,-1,"[-1, -42, -1]",2,-42,"[-1, -42, -42]",_p,towed,2,1,"[1, -42, 1]",2,-42,"[-1, -42, -42]"
280,2,-1,"[-1, -1, -42]",3,into,2,-1,"[-1, -1, -42]",2,-1,"[-1, -1, -42]",_p,towed,2,1,"[1, 1, -42]",2,-1,"[-1, -1, -42]"
281,1,-42,"[-1, 1, -42]",3,with,2,-1,"[-1, -1, -42]",1,-42,"[-1, 1, -42]",_p,towed,2,-42,"[-1, -42, -42]",2,-1,"[-1, 1, -1]"
282,2,-1,"[-42, -1, -1]",3,,2,-1,"[-42, -1, -1]",2,-1,"[-42, -1, -1]",_d,towed,3,-42,"[-42, -42, -42]",2,-1,"[-42, -1, -1]"
283,2,1,"[-42, 1, 1]",3,,3,-42,"[-42, -42, -42]",2,1,"[-42, 1, 1]",_od,towed,2,-42,"[-42, -42, 1]",2,1,"[-42, 1, 1]"
284,2,-1,"[1, -1, -1]",3,up,2,-42,"[1, -42, -42]",2,-1,"[1, -1, -1]",_dp,towed,2,1,"[-42, 1, 1]",2,-1,"[1, -1, -1]"
285,2,-42,"[-42, -1, -42]",3,on,3,-42,"[-42, -42, -42]",2,-1,"[1, -1, -1]",_dp,towed,3,-42,"[-42, -42, -42]",1,-42,"[1, -1, -42]"
286,2,-42,"[-42, -1, -42]",3,into,1,-42,"[-1, -42, 1]",3,-1,"[-1, -1, -1]",_dp,towed,3,1,"[1, 1, 1]",1,-42,"[1, -1, -42]"
287,2,1,"[1, -42, 1]",3,with,3,-42,"[-42, -42, -42]",1,-42,"[-1, -42, 1]",_dp,towed,3,-42,"[-42, -42, -42]",2,1,"[1, -42, 1]"
288,3,-1,"[-1, -1, -1]",3,by,2,-42,"[-42, -42, -1]",2,-1,"[-1, -42, -1]",_dp,towed,2,-42,"[-42, -42, 1]",3,-1,"[-1, -1, -1]"
289,2,-1,"[-1, -1, -42]",3,for,2,-1,"[-1, -1, -42]",2,-1,"[-1, -1, -42]",_op,opened,2,1,"[1, 1, -42]",1,-42,"[-1, 1, -42]"
290,1,-42,"[1, -42, -1]",3,for,3,-42,"[-42, -42, -42]",2,-42,"[1, -42, -42]",_p,opened,3,-42,"[-42, -42, -42]",1,-42,"[1, -42, -1]"
291,2,-42,"[1, -42, -42]",3,,2,-1,"[-1, -42, -1]",1,-42,"[1, -42, -1]",_d,opened,2,1,"[1, -42, 1]",2,-42,"[1, -42, -42]"
292,1,-42,"[-1, 1, -42]",3,,3,-1,"[-1, -1, -1]",3,1,"[1, 1, 1]",_od,opened,2,-42,"[-42, -42, 1]",3,1,"[1, 1, 1]"
293,2,-42,"[-42, -42, -1]",3,with,2,-42,"[-42, -42, -1]",3,1,"[1, 1, 1]",_dp,opened,2,-42,"[-42, -42, -1]",3,1,"[1, 1, 1]"
294,2,-1,"[-1, -1, 1]",3,at,2,-1,"[-1, -1, 1]",2,-1,"[-1, -1, 1]",_dp,opened,3,1,"[1, 1, 1]",2,-1,"[-1, -1, 1]"
295,2,-42,"[-42, -1, -42]",3,for,2,1,"[1, -42, 1]",2,1,"[1, -1, 1]",_dp,opened,1,-42,"[-1, 1, -42]",1,-42,"[-42, -1, 1]"
296,3,1,"[1, 1, 1]",3,,1,-42,"[-1, 1, -42]",3,1,"[1, 1, 1]",_d,sent,2,-42,"[-42, 1, -42]",3,1,"[1, 1, 1]"
297,3,1,"[1, 1, 1]",3,,3,1,"[1, 1, 1]",3,1,"[1, 1, 1]",_od,sent,2,-1,"[-42, -1, -1]",2,1,"[1, -1, 1]"
298,2,-1,"[-1, -42, -1]",3,into,3,-1,"[-1, -1, -1]",3,-1,"[-1, -1, -1]",_dp,sent,3,1,"[1, 1, 1]",3,-1,"[-1, -1, -1]"
299,2,-1,"[-1, -42, -1]",3,with,2,-42,"[-42, -42, 1]",2,-1,"[-1, -42, -1]",_dp,sent,3,-42,"[-42, -42, -42]",2,-1,"[-1, -42, -1]"
300,1,-42,"[-42, 1, -1]",3,for,2,-42,"[-42, -42, -1]",2,1,"[1, 1, -1]",_dp,sent,1,-42,"[-42, 1, -1]",2,1,"[1, 1, -1]"
301,2,-1,"[-1, -1, -42]",3,up,2,-1,"[-1, -1, -42]",2,-1,"[-1, -1, -42]",_op,hiked,3,1,"[1, 1, 1]",3,-1,"[-1, -1, -1]"
302,3,-42,"[-42, -42, -42]",3,in,2,-42,"[-42, -42, -1]",2,-1,"[-1, -42, -1]",_op,hiked,2,1,"[1, -42, 1]",2,-42,"[-1, -42, -42]"
303,3,-1,"[-1, -1, -1]",3,into,3,-1,"[-1, -1, -1]",3,-1,"[-1, -1, -1]",_op,hiked,3,1,"[1, 1, 1]",3,-1,"[-1, -1, -1]"
304,1,-42,"[-42, -1, 1]",3,through,2,-1,"[-1, -1, 1]",2,-1,"[-1, -1, -42]",_op,hiked,2,1,"[1, 1, -42]",2,-1,"[-1, -1, -42]"
305,2,-1,"[-1, -1, -42]",3,down,3,-1,"[-1, -1, -1]",3,-1,"[-1, -1, -1]",_op,hiked,3,1,"[1, 1, 1]",3,-1,"[-1, -1, -1]"
306,2,-42,"[-1, -42, -42]",3,at,2,-42,"[-1, -42, -42]",2,-1,"[-1, -42, -1]",_op,hiked,2,1,"[1, -42, 1]",2,-1,"[-1, -42, -1]"
307,3,1,"[1, 1, 1]",3,for,2,-42,"[1, -42, -42]",2,1,"[1, 1, -42]",_op,hiked,3,1,"[1, 1, 1]",2,1,"[1, 1, -42]"
308,1,-42,"[-42, 1, -1]",3,along,3,-1,"[-1, -1, -1]",3,-1,"[-1, -1, -1]",_op,hiked,3,1,"[1, 1, 1]",2,-1,"[-42, -1, -1]"
309,1,-42,"[-1, 1, -42]",3,above,2,-42,"[-1, -42, -42]",1,-42,"[-1, 1, -42]",_op,hiked,2,-42,"[-42, 1, -42]",1,-42,"[-1, 1, -42]"
310,3,-1,"[-1, -1, -1]",3,up,3,-1,"[-1, -1, -1]",3,-1,"[-1, -1, -1]",_p,hiked,3,1,"[1, 1, 1]",3,-1,"[-1, -1, -1]"
311,1,-42,"[-42, 1, -1]",3,in,2,-1,"[-1, 1, -1]",2,-1,"[-1, -42, -1]",_p,hiked,3,1,"[1, 1, 1]",2,-1,"[-1, -42, -1]"
312,2,-1,"[-1, -42, -1]",3,through,3,-1,"[-1, -1, -1]",3,-1,"[-1, -1, -1]",_p,hiked,3,1,"[1, 1, 1]",3,-1,"[-1, -1, -1]"
313,2,-1,"[-42, -1, -1]",3,down,3,-1,"[-1, -1, -1]",3,-1,"[-1, -1, -1]",_p,hiked,3,1,"[1, 1, 1]",2,-1,"[-42, -1, -1]"
314,3,-1,"[-1, -1, -1]",3,along,3,-1,"[-1, -1, -1]",3,-1,"[-1, -1, -1]",_p,hiked,3,1,"[1, 1, 1]",3,-1,"[-1, -1, -1]"
315,2,-42,"[-42, -42, -1]",3,,2,-1,"[-42, -1, -1]",2,-1,"[-42, -1, -1]",_d,hiked,2,1,"[-42, 1, 1]",2,-1,"[-42, -1, -1]"
316,2,-1,"[-1, 1, -1]",3,,2,-1,"[-1, 1, -1]",2,-1,"[-1, 1, -1]",_od,hiked,3,1,"[1, 1, 1]",2,-1,"[-1, 1, -1]"
317,2,-42,"[-42, -42, -1]",3,on,2,-1,"[-42, -1, -1]",2,-1,"[1, -1, -1]",_dp,hiked,2,-42,"[-42, -42, 1]",2,-1,"[1, -1, -1]"
318,2,1,"[1, 1, -42]",3,for,2,-42,"[-42, 1, -42]",2,1,"[1, 1, -42]",_dp,hiked,3,-42,"[-42, -42, -42]",2,-42,"[1, -42, -42]"
319,1,-42,"[1, -42, -1]",3,into,3,-1,"[-1, -1, -1]",3,-1,"[-1, -1, -1]",_op,entered,3,1,"[1, 1, 1]",2,-1,"[1, -1, -1]"
320,2,-1,"[-1, -1, -42]",3,into,2,-1,"[-1, -1, -42]",3,-1,"[-1, -1, -1]",_p,entered,3,1,"[1, 1, 1]",2,-1,"[-1, -1, -42]"
321,2,-1,"[-1, -1, -42]",3,,3,-1,"[-1, -1, -1]",3,-1,"[-1, -1, -1]",_d,entered,3,1,"[1, 1, 1]",3,-1,"[-1, -1, -1]"
322,2,-1,"[-42, -1, -1]",3,,2,-1,"[-42, -1, -1]",3,-1,"[-1, -1, -1]",_od,entered,3,1,"[1, 1, 1]",3,-1,"[-1, -1, -1]"
323,2,-1,"[-42, -1, -1]",3,into,3,-42,"[-42, -42, -42]",3,-1,"[-1, -1, -1]",_dp,entered,2,-42,"[-42, -1, -42]",2,-1,"[-42, -1, -1]"
324,2,1,"[1, -42, 1]",3,with,2,1,"[1, -42, 1]",3,1,"[1, 1, 1]",_dp,entered,2,-1,"[-42, -1, -1]",3,1,"[1, 1, 1]"
325,1,-42,"[1, -1, -42]",3,,1,-42,"[1, -1, -42]",3,1,"[1, 1, 1]",_d,showed,2,1,"[1, 1, -42]",1,-42,"[1, -1, -42]"
326,2,-42,"[-1, -42, -42]",3,,2,-42,"[-1, -42, -42]",2,-42,"[-1, -42, -42]",_od,showed,2,1,"[1, -42, 1]",2,-42,"[-1, -42, -42]"
327,2,-1,"[-1, 1, -1]",3,in,1,-42,"[-1, 1, -42]",3,-1,"[-1, -1, -1]",_dp,showed,3,-42,"[-42, -42, -42]",3,-1,"[-1, -1, -1]"
328,2,-1,"[-1, -1, -42]",3,at,2,-1,"[-1, -1, -42]",2,-1,"[-1, -1, -42]",_dp,showed,1,-42,"[-1, 1, -42]",2,-1,"[-1, -1, -42]"
329,3,-42,"[-42, -42, -42]",3,for,3,-42,"[-42, -42, -42]",2,-42,"[-42, -1, -42]",_dp,showed,2,-42,"[1, -42, -42]",2,-42,"[-42, -1, -42]"
330,2,-1,"[-42, -1, -1]",3,through,2,-42,"[-42, -1, -42]",3,-1,"[-1, -1, -1]",_op,passed,3,1,"[1, 1, 1]",2,-1,"[-42, -1, -1]"
331,3,-42,"[-42, -42, -42]",3,through,2,-1,"[-42, -1, -1]",2,-1,"[-42, -1, -1]",_p,passed,2,1,"[-42, 1, 1]",2,-42,"[-42, -1, -42]"
332,2,1,"[-1, 1, 1]",3,,1,-42,"[-1, 1, -42]",2,1,"[1, 1, -42]",_d,passed,2,1,"[-1, 1, 1]",2,1,"[1, 1, -42]"
333,2,1,"[1, -42, 1]",3,,2,-42,"[-42, -42, -1]",2,-42,"[-42, -1, -42]",_od,passed,3,1,"[1, 1, 1]",3,-42,"[-42, -42, -42]"
334,2,-42,"[-1, -42, -42]",3,over,2,-1,"[-1, -1, -42]",2,-1,"[-1, 1, -1]",_dp,passed,3,1,"[1, 1, 1]",2,-1,"[-1, -42, -1]"
335,2,1,"[-1, 1, 1]",3,through,2,-42,"[-42, -42, -1]",3,-1,"[-1, -1, -1]",_dp,passed,3,1,"[1, 1, 1]",1,-42,"[-1, -42, 1]"
336,2,1,"[1, -42, 1]",3,off,2,1,"[1, -42, 1]",2,1,"[1, -42, 1]",_op,snipped,2,1,"[1, -42, 1]",2,1,"[1, -42, 1]"
337,2,1,"[1, -42, 1]",3,at,2,1,"[1, -42, 1]",2,1,"[1, -42, 1]",_op,snipped,3,1,"[1, 1, 1]",2,1,"[1, -42, 1]"
338,3,1,"[1, 1, 1]",3,off,2,-42,"[-42, -42, -1]",3,1,"[1, 1, 1]",_p,snipped,2,1,"[-42, 1, 1]",3,1,"[1, 1, 1]"
339,1,-42,"[1, -42, -1]",3,with,2,-1,"[-1, -42, -1]",2,1,"[1, -42, 1]",_p,snipped,2,-42,"[1, -42, -42]",2,1,"[1, -42, 1]"
340,3,1,"[1, 1, 1]",3,,2,-42,"[-42, -42, 1]",3,1,"[1, 1, 1]",_d,snipped,2,1,"[1, 1, -1]",3,1,"[1, 1, 1]"
341,3,1,"[1, 1, 1]",3,,3,1,"[1, 1, 1]",2,-1,"[1, -1, -1]",_od,snipped,3,1,"[1, 1, 1]",2,1,"[1, 1, -42]"
342,2,-1,"[-1, -42, -1]",3,off,2,-42,"[-1, -42, -42]",3,-1,"[-1, -1, -1]",_dp,snipped,2,-42,"[-42, -42, 1]",3,-1,"[-1, -1, -1]"
343,2,-1,"[1, -1, -1]",3,with,2,-1,"[1, -1, -1]",2,1,"[-1, 1, 1]",_dp,snipped,2,-1,"[1, -1, -1]",2,-1,"[-1, -1, -42]"
344,1,-42,"[1, -42, -1]",3,by,2,-42,"[-42, -42, -1]",2,1,"[1, -42, 1]",_dp,snipped,2,-1,"[-1, -42, -1]",1,-42,"[1, -42, -1]"
345,1,-42,"[1, -1, -42]",3,on,1,-42,"[1, -1, -42]",2,1,"[1, 1, -42]",_op,fell,3,1,"[1, 1, 1]",1,-42,"[1, -1, -42]"
346,2,-42,"[1, -42, -42]",3,into,2,1,"[1, -1, 1]",3,-1,"[-1, -1, -1]",_op,fell,3,1,"[1, 1, 1]",2,1,"[1, -1, 1]"
347,2,-42,"[-1, -42, -42]",3,from,3,-42,"[-42, -42, -42]",3,-1,"[-1, -1, -1]",_op,fell,3,1,"[1, 1, 1]",3,-1,"[-1, -1, -1]"
348,3,-1,"[-1, -1, -1]",3,on,3,-1,"[-1, -1, -1]",2,-1,"[-42, -1, -1]",_p,fell,2,1,"[-42, 1, 1]",2,-1,"[-42, -1, -1]"
349,2,-42,"[-42, -1, -42]",3,into,2,-1,"[-42, -1, -1]",2,-1,"[-42, -1, -1]",_p,fell,2,1,"[-42, 1, 1]",2,-1,"[-42, -1, -1]"
350,2,-1,"[-1, -42, -1]",3,from,2,-1,"[-1, -42, -1]",2,-1,"[-1, -42, -1]",_p,fell,2,1,"[1, -42, 1]",2,-1,"[-1, -42, -1]"
351,2,-42,"[-42, -1, -42]",3,,2,-1,"[-42, -1, -1]",3,-1,"[-1, -1, -1]",_d,fell,3,1,"[1, 1, 1]",2,-1,"[-42, -1, -1]"
352,2,-1,"[-1, 1, -1]",3,,2,-42,"[-42, -42, -1]",2,-1,"[-1, 1, -1]",_od,fell,3,1,"[1, 1, 1]",2,-1,"[-1, 1, -1]"
353,2,-1,"[-1, 1, -1]",3,between,2,-1,"[-1, 1, -1]",2,-1,"[-1, 1, -1]",_op,squashed,2,-42,"[-1, -42, -42]",2,1,"[1, 1, -1]"
354,2,-42,"[-1, -42, -42]",3,between,2,-42,"[-1, -42, -42]",2,-42,"[-1, -42, -42]",_p,squashed,2,-42,"[-1, -42, -42]",2,-42,"[-1, -42, -42]"
355,3,1,"[1, 1, 1]",3,,3,1,"[1, 1, 1]",3,1,"[1, 1, 1]",_d,squashed,3,1,"[1, 1, 1]",3,1,"[1, 1, 1]"
356,2,1,"[1, -42, 1]",3,,1,-42,"[1, -42, -1]",2,1,"[1, -42, 1]",_od,squashed,2,1,"[1, -42, 1]",2,1,"[1, -42, 1]"
357,2,-1,"[-42, -1, -1]",3,on,2,-1,"[-42, -1, -1]",2,-1,"[-42, -1, -1]",_dp,squashed,2,-42,"[-42, -42, 1]",2,-1,"[-42, -1, -1]"
358,2,-1,"[-42, -1, -1]",3,with,2,-42,"[-42, -42, -1]",2,-1,"[-42, -1, -1]",_dp,squashed,2,-1,"[-42, -1, -1]",2,-1,"[-42, -1, -1]"
359,2,1,"[1, 1, -42]",3,,2,-42,"[-42, 1, -42]",2,1,"[-42, 1, 1]",_d,kept,2,-42,"[-42, 1, -42]",2,1,"[-42, 1, 1]"
360,2,1,"[-42, 1, 1]",3,,2,1,"[-42, 1, 1]",2,1,"[-42, 1, 1]",_od,kept,2,-42,"[-42, 1, -42]",2,1,"[-42, 1, 1]"
361,3,-1,"[-1, -1, -1]",3,in,2,-1,"[-1, -1, 1]",3,-1,"[-1, -1, -1]",_dp,kept,2,-42,"[1, -42, -42]",2,-1,"[-1, -1, -42]"
362,1,-42,"[-42, 1, -1]",3,on,2,-42,"[-1, -42, -42]",2,-1,"[-1, 1, -1]",_dp,kept,3,-42,"[-42, -42, -42]",2,-42,"[-42, -42, -1]"
363,2,1,"[1, -42, 1]",3,with,2,1,"[1, 1, -42]",2,1,"[-1, 1, 1]",_dp,kept,3,-42,"[-42, -42, -42]",3,1,"[1, 1, 1]"
364,2,-1,"[-42, -1, -1]",3,at,2,-42,"[-42, -42, -1]",2,-1,"[-42, -1, -1]",_dp,kept,2,-42,"[-42, -42, 1]",2,-1,"[-42, -1, -1]"
365,1,-42,"[-1, 1, -42]",3,for,2,-42,"[-1, -42, -42]",1,-42,"[-1, 1, -42]",_dp,kept,3,-42,"[-42, -42, -42]",1,-42,"[-1, 1, -42]"
366,2,-42,"[-42, -1, -42]",3,in,3,-42,"[-42, -42, -42]",3,-1,"[-1, -1, -1]",_op,used,3,-42,"[-42, -42, -42]",3,-1,"[-1, -1, -1]"
367,1,-42,"[1, -1, -42]",3,in,2,-1,"[-1, -1, -42]",1,-42,"[1, -1, -42]",_p,used,1,-42,"[-1, 1, -42]",1,-42,"[1, -1, -42]"
368,2,1,"[-42, 1, 1]",3,,1,-42,"[-42, -1, 1]",2,1,"[-42, 1, 1]",_d,used,2,1,"[1, -42, 1]",2,1,"[-42, 1, 1]"
369,2,-42,"[-42, 1, -42]",3,,1,-42,"[-42, 1, -1]",2,-42,"[-42, 1, -42]",_od,used,2,-42,"[-42, -42, 1]",2,-42,"[-42, 1, -42]"
370,3,-42,"[-42, -42, -42]",3,in,3,-42,"[-42, -42, -42]",2,-1,"[-1, -1, -42]",_dp,used,2,1,"[1, 1, -42]",2,-1,"[-1, -1, -42]"
371,2,-42,"[1, -42, -42]",3,with,1,-42,"[-1, -42, 1]",3,-42,"[-42, -42, -42]",_dp,used,2,-42,"[-42, -42, -1]",2,1,"[1, -42, 1]"
372,3,-1,"[-1, -1, -1]",3,at,3,-1,"[-1, -1, -1]",2,-1,"[-1, -1, 1]",_dp,used,2,1,"[1, -1, 1]",3,-1,"[-1, -1, -1]"
373,2,-42,"[-1, -42, -42]",3,for,1,-42,"[-1, -42, 1]",2,-1,"[-1, -42, -1]",_dp,used,2,-42,"[-42, 1, -42]",2,-1,"[-1, -42, -1]"
374,2,-42,"[1, -42, -42]",3,as,2,-42,"[1, -42, -42]",2,-42,"[1, -42, -42]",_dp,used,2,1,"[1, -42, 1]",2,-42,"[1, -42, -42]"
375,1,-42,"[1, -42, -1]",3,for,2,-1,"[1, -1, -1]",2,-1,"[-42, -1, -1]",_op,made,3,-42,"[-42, -42, -42]",2,-1,"[-42, -1, -1]"
376,2,-1,"[-1, -1, 1]",3,for,2,-1,"[-1, -1, -42]",2,-1,"[-1, -1, -42]",_p,made,2,1,"[1, 1, -42]",2,-1,"[-1, -1, -42]"
377,3,1,"[1, 1, 1]",3,,2,1,"[-42, 1, 1]",3,1,"[1, 1, 1]",_d,made,2,1,"[-42, 1, 1]",3,1,"[1, 1, 1]"
378,2,1,"[-42, 1, 1]",3,,2,1,"[-1, 1, 1]",2,1,"[-42, 1, 1]",_od,made,3,1,"[1, 1, 1]",3,1,"[1, 1, 1]"
379,2,-1,"[-1, -1, -42]",3,in,3,-1,"[-1, -1, -1]",3,-1,"[-1, -1, -1]",_dp,made,2,-42,"[-42, 1, -42]",1,-42,"[1, -1, -42]"
380,2,-42,"[-42, -1, -42]",3,on,3,-1,"[-1, -1, -1]",3,-1,"[-1, -1, -1]",_dp,made,2,-42,"[-42, 1, -42]",3,-1,"[-1, -1, -1]"
381,3,-42,"[-42, -42, -42]",3,with,2,-42,"[-42, -42, -1]",2,1,"[1, 1, -1]",_dp,made,3,-42,"[-42, -42, -42]",2,1,"[1, 1, -42]"
382,2,-42,"[-42, -42, 1]",3,of,2,-42,"[-42, -42, -1]",2,-1,"[-42, -1, -1]",_dp,made,3,-42,"[-42, -42, -42]",2,-42,"[-42, -42, -1]"
383,2,-42,"[-42, -1, -42]",3,for,2,-42,"[-42, -1, -42]",1,-42,"[1, -1, -42]",_dp,made,2,-42,"[1, -42, -42]",1,-42,"[1, -1, -42]"
384,2,1,"[1, -42, 1]",3,up,1,-42,"[1, -42, -1]",2,1,"[1, -1, 1]",_p,gave,2,-42,"[1, -42, -42]",2,-42,"[1, -42, -42]"
385,2,1,"[1, 1, -42]",3,out,2,-42,"[-42, 1, -42]",3,1,"[1, 1, 1]",_p,gave,1,-42,"[-1, 1, -42]",3,1,"[1, 1, 1]"
386,2,-42,"[1, -42, -42]",3,,3,-42,"[-42, -42, -42]",3,1,"[1, 1, 1]",_d,gave,2,-42,"[1, -42, -42]",3,1,"[1, 1, 1]"
387,2,-42,"[-42, 1, -42]",3,,2,-42,"[-42, 1, -42]",2,1,"[1, 1, -42]",_od,gave,1,-42,"[-1, 1, -42]",2,1,"[1, 1, -42]"
388,2,-42,"[-42, -42, -1]",3,in,3,-42,"[-42, -42, -42]",2,-42,"[-42, -42, -1]",_dp,gave,3,-42,"[-42, -42, -42]",3,-42,"[-42, -42, -42]"
389,2,-42,"[1, -42, -42]",3,with,2,-42,"[1, -42, -42]",2,1,"[1, -42, 1]",_dp,gave,3,-42,"[-42, -42, -42]",2,-42,"[1, -42, -42]"
390,2,-42,"[-42, -42, -1]",3,at,2,-1,"[-42, -1, -1]",2,1,"[1, -1, 1]",_dp,gave,3,-42,"[-42, -42, -42]",2,1,"[1, -1, 1]"
391,2,-42,"[-42, -1, -42]",3,for,2,-1,"[-42, -1, -1]",2,-1,"[-42, -1, -1]",_dp,gave,3,-42,"[-42, -42, -42]",3,-1,"[-1, -1, -1]"
392,2,-42,"[1, -42, -42]",3,,3,-1,"[-1, -1, -1]",2,-42,"[-42, -42, 1]",_d,set,2,1,"[1, 1, -42]",2,1,"[1, -42, 1]"
393,2,1,"[-42, 1, 1]",3,,2,-1,"[-42, -1, -1]",2,-42,"[-42, -42, 1]",_od,set,2,1,"[-42, 1, 1]",1,-42,"[-42, 1, -1]"
394,2,-42,"[-1, -42, -42]",3,in,2,-42,"[-1, -42, -42]",3,-1,"[-1, -1, -1]",_dp,set,3,1,"[1, 1, 1]",3,-1,"[-1, -1, -1]"
395,2,-1,"[-42, -1, -1]",3,upon,2,-1,"[-42, -1, -1]",3,-1,"[-1, -1, -1]",_dp,set,1,-42,"[-1, 1, -42]",3,-1,"[-1, -1, -1]"
396,3,1,"[1, 1, 1]",3,,3,-42,"[-42, -42, -42]",3,1,"[1, 1, 1]",_d,shook,1,-42,"[-1, 1, -42]",3,1,"[1, 1, 1]"
397,2,1,"[-42, 1, 1]",3,,2,-1,"[-1, 1, -1]",3,1,"[1, 1, 1]",_od,shook,2,-1,"[-1, -1, 1]",3,1,"[1, 1, 1]"
398,2,-1,"[-1, -42, -1]",3,from,2,-1,"[-1, -42, -1]",3,-1,"[-1, -1, -1]",_dp,shook,2,-42,"[1, -42, -42]",3,-1,"[-1, -1, -1]"
399,1,-42,"[-42, -1, 1]",3,at,2,-42,"[-42, -1, -42]",3,-1,"[-1, -1, -1]",_dp,shook,3,1,"[1, 1, 1]",3,-1,"[-1, -1, -1]"
400,3,1,"[1, 1, 1]",3,,2,-1,"[-1, 1, -1]",3,1,"[1, 1, 1]",_d,wore,2,1,"[-42, 1, 1]",3,1,"[1, 1, 1]"
401,3,1,"[1, 1, 1]",3,,1,-42,"[-42, -1, 1]",2,1,"[-1, 1, 1]",_od,wore,2,-42,"[-42, 1, -42]",2,1,"[-1, 1, 1]"
402,2,1,"[-42, 1, 1]",3,over,2,1,"[-42, 1, 1]",2,1,"[-42, 1, 1]",_dp,wore,3,-42,"[-42, -42, -42]",3,-42,"[-42, -42, -42]"
403,2,-42,"[-1, -42, -42]",3,in,2,-1,"[-1, -42, -1]",2,1,"[-1, 1, 1]",_dp,wore,2,-42,"[-1, -42, -42]",1,-42,"[-1, 1, -42]"
404,2,-1,"[-42, -1, -1]",3,on,2,-1,"[-42, -1, -1]",2,-1,"[-1, -1, 1]",_dp,wore,3,-42,"[-42, -42, -42]",3,-1,"[-1, -1, -1]"
405,3,-42,"[-42, -42, -42]",3,with,3,-42,"[-42, -42, -42]",2,1,"[1, 1, -42]",_dp,wore,3,-42,"[-42, -42, -42]",3,-42,"[-42, -42, -42]"
406,2,-42,"[-42, -42, -1]",3,that,2,-42,"[-42, -42, -1]",2,-42,"[-42, -42, 1]",_op,saw,2,-42,"[-42, -42, -1]",2,-42,"[-42, -42, -1]"
407,2,-42,"[1, -42, -42]",3,that,2,-42,"[1, -42, -42]",3,-42,"[-42, -42, -42]",_p,saw,2,-42,"[-1, -42, -42]",2,-42,"[1, -42, -42]"
408,2,-42,"[-1, -42, -42]",3,,2,-1,"[-1, -1, -42]",2,-1,"[-1, -1, -42]",_d,saw,2,-1,"[-1, -1, -42]",2,-1,"[-1, -1, -42]"
409,1,-42,"[-42, 1, -1]",3,,3,-42,"[-42, -42, -42]",2,-42,"[-42, 1, -42]",_od,saw,2,-42,"[-42, -1, -42]",2,-42,"[-42, 1, -42]"
410,2,-1,"[-1, -42, -1]",3,in,2,-42,"[-1, -42, -42]",3,-1,"[-1, -1, -1]",_dp,saw,2,-42,"[1, -42, -42]",3,-1,"[-1, -1, -1]"
411,1,-42,"[1, -42, -1]",3,on,2,-1,"[1, -1, -1]",3,-1,"[-1, -1, -1]",_dp,saw,3,-42,"[-42, -42, -42]",3,-1,"[-1, -1, -1]"
412,2,-42,"[-42, 1, -42]",3,with,3,-42,"[-42, -42, -42]",2,1,"[1, 1, -42]",_dp,saw,3,-42,"[-42, -42, -42]",2,1,"[1, 1, -42]"
413,2,-1,"[-42, -1, -1]",3,at,2,-1,"[-1, -1, -42]",3,-1,"[-1, -1, -1]",_dp,saw,2,1,"[1, -42, 1]",3,-1,"[-1, -1, -1]"
414,2,-42,"[-42, 1, -42]",3,on,2,-42,"[-42, -1, -42]",1,-42,"[-1, 1, -42]",_op,drew,3,1,"[1, 1, 1]",1,-42,"[-1, 1, -42]"
415,3,1,"[1, 1, 1]",3,on,1,-42,"[-1, -42, 1]",3,1,"[1, 1, 1]",_p,drew,2,1,"[1, -1, 1]",3,1,"[1, 1, 1]"
416,2,1,"[1, 1, -42]",3,,2,1,"[1, 1, -42]",3,1,"[1, 1, 1]",_d,drew,2,1,"[1, 1, -42]",3,1,"[1, 1, 1]"
417,3,1,"[1, 1, 1]",3,,2,1,"[1, -1, 1]",3,1,"[1, 1, 1]",_od,drew,2,1,"[-42, 1, 1]",3,1,"[1, 1, 1]"
418,3,-42,"[-42, -42, -42]",3,in,1,-42,"[-1, -42, 1]",3,-1,"[-1, -1, -1]",_dp,drew,2,-42,"[1, -42, -42]",2,-1,"[-42, -1, -1]"
419,2,-42,"[-42, 1, -42]",3,on,2,-1,"[-1, -1, -42]",2,-1,"[1, -1, -1]",_dp,drew,2,1,"[1, 1, -42]",3,-1,"[-1, -1, -1]"
420,2,-1,"[-1, -1, 1]",3,into,1,-42,"[-1, -42, 1]",2,-1,"[-1, -1, 1]",_dp,drew,3,1,"[1, 1, 1]",2,-42,"[-42, -42, -1]"
421,2,-42,"[-42, -1, -42]",3,with,2,-42,"[-42, -1, -42]",2,-1,"[-42, -1, -1]",_dp,drew,2,1,"[-42, 1, 1]",2,-42,"[-42, -1, -42]"
422,2,-42,"[-42, -1, -42]",3,across,2,-1,"[-1, -1, -42]",2,-1,"[-1, -42, -1]",_dp,drew,2,-42,"[1, -42, -42]",2,-1,"[-42, -1, -1]"
423,2,1,"[1, 1, -42]",3,that,2,1,"[1, 1, -42]",2,1,"[1, 1, -42]",_p,found,2,1,"[-1, 1, 1]",2,1,"[1, 1, -42]"
424,2,1,"[-42, 1, 1]",3,,2,-1,"[-1, -42, -1]",3,1,"[1, 1, 1]",_d,found,2,-42,"[1, -42, -42]",3,1,"[1, 1, 1]"
425,2,1,"[1, 1, -42]",3,,2,-42,"[-42, -1, -42]",2,1,"[-42, 1, 1]",_od,found,2,1,"[1, 1, -42]",2,-42,"[-42, -42, 1]"
426,2,-1,"[-1, -1, -42]",3,in,2,-42,"[-1, -42, -42]",3,-1,"[-1, -1, -1]",_dp,found,3,-42,"[-42, -42, -42]",3,-1,"[-1, -1, -1]"
427,2,-42,"[-1, -42, -42]",3,on,2,-42,"[-1, -42, -42]",2,-1,"[-1, -1, 1]",_dp,found,2,1,"[1, -42, 1]",2,-1,"[-1, -1, 1]"
428,3,-1,"[-1, -1, -1]",3,with,1,-42,"[1, -42, -1]",1,-42,"[1, -42, -1]",_dp,found,3,-42,"[-42, -42, -42]",1,-42,"[1, -42, -1]"
429,2,-42,"[-42, -1, -42]",3,at,2,-42,"[-42, -1, -42]",2,-1,"[-42, -1, -1]",_dp,found,3,-42,"[-42, -42, -42]",2,-1,"[-42, -1, -1]"
430,2,-42,"[-1, -42, -42]",3,for,2,-42,"[-1, -42, -42]",2,-1,"[-1, -1, -42]",_dp,found,2,-42,"[-1, -42, -42]",2,-1,"[-1, -1, -42]"
431,2,-1,"[-42, -1, -1]",3,in,2,-1,"[-42, -1, -1]",3,-1,"[-1, -1, -1]",_op,got,3,1,"[1, 1, 1]",3,-1,"[-1, -1, -1]"
432,2,-42,"[1, -42, -42]",3,out,2,-42,"[-1, -42, -42]",1,-42,"[-1, 1, -42]",_op,got,1,-42,"[1, -1, -42]",1,-42,"[-1, 1, -42]"
433,3,-1,"[-1, -1, -1]",3,on,3,-1,"[-1, -1, -1]",3,-1,"[-1, -1, -1]",_op,got,2,1,"[1, -42, 1]",3,-1,"[-1, -1, -1]"
434,2,-1,"[-1, -42, -1]",3,into,2,-42,"[-42, -42, -1]",3,-1,"[-1, -1, -1]",_op,got,2,1,"[1, -42, 1]",2,-1,"[-1, 1, -1]"
435,2,-42,"[-1, -42, -42]",3,under,2,-42,"[-1, -42, -42]",3,-1,"[-1, -1, -1]",_op,got,3,1,"[1, 1, 1]",2,-42,"[-1, -42, -42]"
436,2,-1,"[-42, -1, -1]",3,in,3,-1,"[-1, -1, -1]",3,-1,"[-1, -1, -1]",_p,got,2,-42,"[-42, -1, -42]",3,-1,"[-1, -1, -1]"
437,3,-1,"[-1, -1, -1]",3,out,3,-1,"[-1, -1, -1]",3,-1,"[-1, -1, -1]",_p,got,2,1,"[1, 1, -1]",3,-1,"[-1, -1, -1]"
438,3,-1,"[-1, -1, -1]",3,on,3,-1,"[-1, -1, -1]",3,-1,"[-1, -1, -1]",_p,got,2,-42,"[-42, -1, -42]",3,-1,"[-1, -1, -1]"
439,2,-1,"[-1, -1, -42]",3,into,3,-1,"[-1, -1, -1]",3,-1,"[-1, -1, -1]",_p,got,2,-1,"[-1, -1, -42]",2,-1,"[-1, -1, -42]"
440,2,1,"[1, 1, -42]",3,,2,-42,"[-1, -42, -42]",2,1,"[1, 1, -42]",_d,got,2,1,"[1, 1, -42]",2,-42,"[-42, 1, -42]"
441,2,1,"[1, 1, -42]",3,,1,-42,"[-1, 1, -42]",2,1,"[1, 1, -42]",_od,got,2,1,"[1, 1, -42]",2,1,"[1, 1, -42]"
442,2,-1,"[-1, -1, -42]",3,in,2,-1,"[-1, -1, -42]",3,-1,"[-1, -1, -1]",_dp,got,3,1,"[1, 1, 1]",3,-1,"[-1, -1, -1]"
443,2,-1,"[-1, -1, -42]",3,on,2,-1,"[-1, -1, -42]",3,-1,"[-1, -1, -1]",_dp,got,2,1,"[1, 1, -42]",3,-1,"[-1, -1, -1]"
444,2,1,"[-1, 1, 1]",3,into,3,-1,"[-1, -1, -1]",2,-1,"[-1, -1, 1]",_dp,got,1,-42,"[-42, 1, -1]",2,1,"[-1, 1, 1]"
445,2,-42,"[-42, -42, -1]",3,from,2,-42,"[-42, -42, -1]",2,-1,"[-1, 1, -1]",_dp,got,2,1,"[-42, 1, 1]",1,-42,"[-42, 1, -1]"
446,2,-42,"[-42, 1, -42]",3,for,2,-42,"[-42, -1, -42]",2,-42,"[-42, -1, -42]",_dp,got,3,-42,"[-42, -42, -42]",2,-42,"[-42, -1, -42]"
447,1,-42,"[-1, 1, -42]",3,in,3,-42,"[-42, -42, -42]",3,-1,"[-1, -1, -1]",_op,went,2,1,"[1, 1, -42]",2,-1,"[-42, -1, -1]"
448,2,-42,"[-1, -42, -42]",3,on,2,-1,"[-1, -42, -1]",2,-1,"[-1, -42, -1]",_op,went,2,-42,"[1, -42, -42]",2,-1,"[-1, -42, -1]"
449,2,-1,"[-1, -42, -1]",3,into,2,-1,"[-1, -42, -1]",3,-1,"[-1, -1, -1]",_op,went,3,1,"[1, 1, 1]",3,-1,"[-1, -1, -1]"
450,3,-1,"[-1, -1, -1]",3,through,2,-1,"[-1, -1, -42]",3,-1,"[-1, -1, -1]",_op,went,1,-42,"[1, -1, -42]",3,-1,"[-1, -1, -1]"
451,2,1,"[1, 1, -42]",3,for,2,-42,"[-42, 1, -42]",2,1,"[1, 1, -42]",_op,went,1,-42,"[-1, 1, -42]",3,1,"[1, 1, 1]"
452,2,-1,"[1, -1, -1]",3,in,3,-1,"[-1, -1, -1]",3,-1,"[-1, -1, -1]",_p,went,3,1,"[1, 1, 1]",3,-1,"[-1, -1, -1]"
453,3,-1,"[-1, -1, -1]",3,on,3,-1,"[-1, -1, -1]",3,-1,"[-1, -1, -1]",_p,went,1,-42,"[-1, 1, -42]",3,-1,"[-1, -1, -1]"
454,3,-1,"[-1, -1, -1]",3,into,3,-1,"[-1, -1, -1]",3,-1,"[-1, -1, -1]",_p,went,3,1,"[1, 1, 1]",3,-1,"[-1, -1, -1]"
455,2,-42,"[-42, -1, -42]",3,through,2,-42,"[-42, -1, -42]",3,-1,"[-1, -1, -1]",_p,went,2,1,"[1, -1, 1]",2,-42,"[-42, -1, -42]"
456,2,-42,"[1, -42, -42]",3,with,2,-42,"[1, -42, -42]",1,-42,"[1, -42, -1]",_p,went,2,-42,"[1, -42, -42]",1,-42,"[1, -42, -1]"
457,2,-1,"[-1, 1, -1]",3,down,3,-1,"[-1, -1, -1]",3,-1,"[-1, -1, -1]",_p,went,3,1,"[1, 1, 1]",3,-1,"[-1, -1, -1]"
458,2,-1,"[-1, -1, -42]",3,,2,-1,"[-1, -1, -42]",2,-1,"[-1, -1, -42]",_d,went,2,-42,"[-42, 1, -42]",2,-1,"[-1, -1, -42]"
459,2,-1,"[-42, -1, -1]",3,,3,-1,"[-1, -1, -1]",3,-1,"[-1, -1, -1]",_od,went,3,1,"[1, 1, 1]",3,-1,"[-1, -1, -1]"
460,2,1,"[1, 1, -1]",3,up,2,-42,"[-42, -42, -1]",2,1,"[1, 1, -42]",_op,put,2,1,"[1, 1, -42]",2,1,"[1, 1, -42]"
461,2,-42,"[-42, -1, -42]",3,in,2,-42,"[-42, -1, -42]",2,-1,"[-1, -1, 1]",_op,put,2,1,"[1, 1, -42]",1,-42,"[-42, -1, 1]"
462,2,1,"[-42, 1, 1]",3,on,2,1,"[-42, 1, 1]",2,1,"[-42, 1, 1]",_op,put,2,-42,"[-42, -42, 1]",2,1,"[-42, 1, 1]"
463,2,-42,"[-42, 1, -42]",3,up,2,-42,"[-1, -42, -42]",1,-42,"[-1, 1, -42]",_p,put,2,1,"[1, 1, -42]",2,-42,"[-42, 1, -42]"
464,2,1,"[1, -42, 1]",3,out,2,1,"[1, -42, 1]",2,1,"[1, -42, 1]",_p,put,2,-42,"[-1, -42, -42]",2,1,"[1, -42, 1]"
465,3,1,"[1, 1, 1]",3,on,2,-1,"[1, -1, -1]",3,1,"[1, 1, 1]",_p,put,3,1,"[1, 1, 1]",3,1,"[1, 1, 1]"
466,2,1,"[1, 1, -42]",3,,1,-42,"[-1, 1, -42]",3,1,"[1, 1, 1]",_d,put,1,-42,"[1, -1, -42]",3,1,"[1, 1, 1]"
467,3,1,"[1, 1, 1]",3,,2,-1,"[1, -1, -1]",2,1,"[1, 1, -1]",_od,put,2,1,"[-1, 1, 1]",3,1,"[1, 1, 1]"
468,2,-42,"[-42, -1, -42]",3,in,2,-1,"[-42, -1, -1]",2,-1,"[-42, -1, -1]",_dp,put,3,-42,"[-42, -42, -42]",2,-42,"[-42, -1, -42]"
469,2,-1,"[-1, -42, -1]",3,on,3,-1,"[-1, -1, -1]",2,-1,"[-1, -42, -1]",_dp,put,2,-42,"[-42, -42, -1]",2,-1,"[-1, -42, -1]"
470,2,-1,"[-42, -1, -1]",3,into,2,-42,"[-42, -1, -42]",3,-1,"[-1, -1, -1]",_dp,put,2,1,"[1, -42, 1]",3,-1,"[-1, -1, -1]"
471,3,-42,"[-42, -42, -42]",3,with,3,-42,"[-42, -42, -42]",2,-42,"[-42, -1, -42]",_dp,put,3,-42,"[-42, -42, -42]",2,-42,"[-42, -1, -42]"
472,1,-42,"[1, -42, -1]",3,around,2,-1,"[-1, -42, -1]",2,-1,"[-1, -42, -1]",_dp,put,3,-42,"[-42, -42, -42]",2,-1,"[-1, -42, -1]"
473,2,-42,"[-1, -42, -42]",3,on,3,-42,"[-42, -42, -42]",2,-42,"[-1, -42, -42]",_op,came,2,1,"[1, 1, -42]",2,-42,"[-1, -42, -42]"
474,2,-1,"[-42, -1, -1]",3,into,2,-1,"[-42, -1, -1]",3,-1,"[-1, -1, -1]",_op,came,3,1,"[1, 1, 1]",2,-1,"[-42, -1, -1]"
475,1,-42,"[1, -1, -42]",3,with,2,-1,"[-1, -1, -42]",1,-42,"[1, -1, -42]",_op,came,2,1,"[1, 1, -42]",1,-42,"[1, -1, -42]"
476,2,-42,"[-42, -42, -1]",3,from,2,-42,"[-42, -42, 1]",2,-1,"[-1, -42, -1]",_op,came,2,1,"[1, -42, 1]",2,-1,"[-1, -42, -1]"
477,1,-42,"[1, -1, -42]",3,on,3,-1,"[-1, -1, -1]",2,1,"[1, -1, 1]",_p,came,2,1,"[1, -1, 1]",2,1,"[1, -1, 1]"
478,1,-42,"[-1, -42, 1]",3,into,2,-1,"[-1, -1, -42]",3,-1,"[-1, -1, -1]",_p,came,2,1,"[1, 1, -42]",2,-1,"[-1, -1, -42]"
479,2,1,"[1, 1, -42]",3,with,3,-42,"[-42, -42, -42]",2,1,"[1, 1, -42]",_p,came,3,-42,"[-42, -42, -42]",2,1,"[1, 1, -42]"
480,2,-42,"[-42, -42, -1]",3,from,2,-42,"[-1, -42, -42]",2,-1,"[-42, -1, -1]",_p,came,3,1,"[1, 1, 1]",2,-1,"[-1, -42, -1]"
481,2,-1,"[-1, -42, -1]",3,,2,-1,"[-1, -42, -1]",2,-1,"[-1, -42, -1]",_d,came,2,1,"[1, -42, 1]",2,-1,"[-1, -42, -1]"
482,2,-42,"[-42, -1, -42]",3,,2,-1,"[-42, -1, -1]",2,-1,"[-42, -1, -1]",_od,came,2,1,"[-42, 1, 1]",2,-1,"[-42, -1, -1]"
483,2,1,"[-42, 1, 1]",3,,1,-42,"[-42, -1, 1]",2,1,"[-42, 1, 1]",_d,received,1,-42,"[1, -1, -42]",2,1,"[-42, 1, 1]"
484,2,1,"[1, 1, -42]",3,,2,-42,"[-42, 1, -42]",3,1,"[1, 1, 1]",_od,received,2,-42,"[-42, 1, -42]",2,1,"[-42, 1, 1]"
485,2,-42,"[-42, -1, -42]",3,in,2,-42,"[-42, -1, -42]",3,-1,"[-1, -1, -1]",_dp,received,2,-42,"[-42, 1, -42]",3,-1,"[-1, -1, -1]"
486,2,-42,"[-1, -42, -42]",3,from,2,-42,"[-1, -42, -42]",2,-1,"[-1, -1, -42]",_dp,received,3,-42,"[-42, -42, -42]",2,-1,"[-1, -1, -42]"
487,3,-42,"[-42, -42, -42]",3,on,2,-42,"[-1, -42, -42]",2,-42,"[1, -42, -42]",_op,called,3,-42,"[-42, -42, -42]",2,-42,"[1, -42, -42]"
488,3,-42,"[-42, -42, -42]",3,for,3,-42,"[-42, -42, -42]",3,-42,"[-42, -42, -42]",_op,called,3,-42,"[-42, -42, -42]",3,-42,"[-42, -42, -42]"
489,2,-42,"[-42, -42, 1]",3,on,2,-1,"[-1, -42, -1]",2,1,"[1, -42, 1]",_p,called,3,-42,"[-42, -42, -42]",2,1,"[1, -42, 1]"
490,1,-42,"[-42, -1, 1]",3,for,2,-1,"[-42, -1, -1]",1,-42,"[-42, -1, 1]",_p,called,2,-1,"[-42, -1, -1]",1,-42,"[-42, -1, 1]"
491,2,-42,"[-42, -42, 1]",3,,2,-42,"[-42, -42, -1]",2,-42,"[-42, -42, 1]",_d,called,2,-42,"[-42, -42, 1]",2,-42,"[-42, -42, 1]"
492,2,-42,"[1, -42, -42]",3,,3,-42,"[-42, -42, -42]",3,-42,"[-42, -42, -42]",_od,called,2,-42,"[-42, 1, -42]",3,-42,"[-42, -42, -42]"
493,2,-42,"[-42, -1, -42]",3,for,2,-42,"[-42, -1, -42]",2,-42,"[-42, -1, -42]",_dp,called,2,-42,"[-42, 1, -42]",2,-42,"[-42, -1, -42]"
494,3,-1,"[-1, -1, -1]",3,in,3,-1,"[-1, -1, -1]",3,-1,"[-1, -1, -1]",_op,worked,2,1,"[1, 1, -42]",3,-1,"[-1, -1, -1]"
495,1,-42,"[-42, 1, -1]",3,on,1,-42,"[-42, 1, -1]",2,-1,"[-1, 1, -1]",_op,worked,3,1,"[1, 1, 1]",2,-1,"[-1, 1, -1]"
496,2,-42,"[1, -42, -42]",3,with,2,-42,"[1, -42, -42]",2,-42,"[1, -42, -42]",_op,worked,2,-42,"[-1, -42, -42]",2,-42,"[1, -42, -42]"
497,2,-1,"[-1, -1, -42]",3,for,2,-1,"[-1, -1, -42]",2,-42,"[-1, -42, -42]",_op,worked,2,-42,"[-42, -42, 1]",2,-42,"[-1, -42, -42]"
498,3,-1,"[-1, -1, -1]",3,in,3,-1,"[-1, -1, -1]",3,-1,"[-1, -1, -1]",_p,worked,3,1,"[1, 1, 1]",3,-1,"[-1, -1, -1]"
499,2,-42,"[-42, -42, -1]",3,on,2,-42,"[-42, -42, -1]",2,-42,"[-42, -42, -1]",_p,worked,2,1,"[-42, 1, 1]",2,-42,"[-42, -42, -1]"
500,2,-42,"[1, -42, -42]",3,with,2,-42,"[-1, -42, -42]",1,-42,"[1, -1, -42]",_p,worked,2,-42,"[1, -42, -42]",3,-42,"[-42, -42, -42]"
501,3,-1,"[-1, -1, -1]",3,for,3,-1,"[-1, -1, -1]",3,-1,"[-1, -1, -1]",_p,worked,3,1,"[1, 1, 1]",3,-1,"[-1, -1, -1]"
502,1,-42,"[1, -42, -1]",3,,2,-1,"[1, -1, -1]",2,-1,"[1, -1, -1]",_d,worked,3,1,"[1, 1, 1]",2,-1,"[1, -1, -1]"
503,2,-1,"[-1, -1, -42]",3,,2,-42,"[-42, -1, -42]",2,-1,"[-1, -1, -42]",_od,worked,2,1,"[-42, 1, 1]",2,-42,"[-42, -1, -42]"
504,3,-1,"[-1, -1, -1]",3,through,3,-1,"[-1, -1, -1]",2,-1,"[-42, -1, -1]",_dp,worked,2,1,"[-42, 1, 1]",3,-1,"[-1, -1, -1]"
505,3,-1,"[-1, -1, -1]",3,on,2,-1,"[-1, 1, -1]",3,-1,"[-1, -1, -1]",_op,stopped,2,1,"[1, -42, 1]",3,-1,"[-1, -1, -1]"
506,2,-42,"[-42, -1, -42]",3,at,2,-1,"[-1, -1, -42]",2,-1,"[-1, -1, -42]",_op,stopped,2,-42,"[-42, -42, 1]",2,-1,"[-1, -1, -42]"
507,2,-1,"[1, -1, -1]",3,for,3,-42,"[-42, -42, -42]",2,-1,"[-42, -1, -1]",_op,stopped,2,1,"[1, -1, 1]",2,-1,"[-42, -1, -1]"
508,3,-1,"[-1, -1, -1]",3,on,3,-1,"[-1, -1, -1]",3,-1,"[-1, -1, -1]",_p,stopped,3,1,"[1, 1, 1]",3,-1,"[-1, -1, -1]"
509,2,-1,"[-1, -1, -42]",3,at,3,-1,"[-1, -1, -1]",3,-1,"[-1, -1, -1]",_p,stopped,2,1,"[1, -42, 1]",2,-1,"[-1, -1, -42]"
510,2,-42,"[1, -42, -42]",3,for,1,-42,"[1, -1, -42]",2,-42,"[1, -42, -42]",_p,stopped,2,-42,"[1, -42, -42]",2,-42,"[-1, -42, -42]"
511,2,-1,"[-1, -1, 1]",3,,3,-1,"[-1, -1, -1]",2,-1,"[-1, -1, -42]",_d,stopped,3,-42,"[-42, -42, -42]",2,-1,"[-1, -1, -42]"
512,2,-42,"[-42, -42, 1]",3,,2,-42,"[-42, -42, 1]",2,-42,"[-42, -42, 1]",_od,stopped,2,-1,"[-42, -1, -1]",1,-42,"[-1, -42, 1]"
513,3,-1,"[-1, -1, -1]",3,in,3,-1,"[-1, -1, -1]",3,-1,"[-1, -1, -1]",_dp,stopped,2,1,"[1, -42, 1]",3,-1,"[-1, -1, -1]"
514,2,-1,"[-1, -1, 1]",3,on,2,-1,"[-1, -1, -42]",2,-1,"[-1, -1, -42]",_dp,stopped,2,-42,"[-42, 1, -42]",2,-1,"[-1, -1, -42]"
515,1,-42,"[-1, 1, -42]",3,with,2,-1,"[-1, -1, -42]",2,1,"[-1, 1, 1]",_dp,stopped,2,1,"[1, -1, 1]",2,1,"[-1, 1, 1]"
516,2,-1,"[-1, -42, -1]",3,at,3,-1,"[-1, -1, -1]",3,-1,"[-1, -1, -1]",_dp,stopped,2,1,"[1, -42, 1]",3,-1,"[-1, -1, -1]"
517,2,1,"[1, -1, 1]",3,for,2,-42,"[-42, 1, -42]",3,1,"[1, 1, 1]",_dp,stopped,2,1,"[-42, 1, 1]",3,1,"[1, 1, 1]"
518,2,1,"[1, 1, -42]",3,,2,1,"[1, 1, -42]",3,1,"[1, 1, 1]",_d,placed,2,-42,"[-42, -1, -42]",3,1,"[1, 1, 1]"
519,3,1,"[1, 1, 1]",3,,2,-1,"[-1, 1, -1]",3,1,"[1, 1, 1]",_od,placed,3,-1,"[-1, -1, -1]",3,1,"[1, 1, 1]"
520,2,-1,"[-42, -1, -1]",3,in,2,-1,"[-1, -1, -42]",3,-1,"[-1, -1, -1]",_dp,placed,2,1,"[1, 1, -42]",3,-1,"[-1, -1, -1]"
521,3,-1,"[-1, -1, -1]",3,on,3,-1,"[-1, -1, -1]",3,-1,"[-1, -1, -1]",_dp,placed,2,-42,"[-42, -42, 1]",3,-1,"[-1, -1, -1]"
522,3,-1,"[-1, -1, -1]",3,upon,3,-1,"[-1, -1, -1]",3,-1,"[-1, -1, -1]",_dp,placed,2,1,"[-42, 1, 1]",3,-1,"[-1, -1, -1]"
523,2,-42,"[-42, -1, -42]",3,under,1,-42,"[1, -1, -42]",2,-1,"[-1, -1, -42]",_dp,placed,2,1,"[1, -42, 1]",2,-1,"[-1, -1, -42]"
524,2,-42,"[-42, 1, -42]",3,in,2,-1,"[-1, -1, -42]",2,-1,"[-1, 1, -1]",_op,appeared,2,1,"[1, 1, -42]",2,-1,"[-1, 1, -1]"
525,2,-1,"[-42, -1, -1]",3,on,2,-1,"[-42, -1, -1]",3,-1,"[-1, -1, -1]",_op,appeared,3,1,"[1, 1, 1]",2,-1,"[-42, -1, -1]"
526,2,-1,"[-1, -42, -1]",3,at,2,-1,"[-1, -42, -1]",3,-1,"[-1, -1, -1]",_op,appeared,3,1,"[1, 1, 1]",2,-1,"[-1, -42, -1]"
527,2,-1,"[-1, -1, 1]",3,in,2,-1,"[-1, -1, 1]",2,-1,"[-1, -1, 1]",_p,appeared,2,1,"[1, 1, -42]",2,-1,"[-1, -1, 1]"
528,1,-42,"[-1, -42, 1]",3,on,2,-1,"[-1, -1, 1]",1,-42,"[-1, -42, 1]",_p,appeared,2,1,"[1, -42, 1]",1,-42,"[-1, -42, 1]"
529,3,-1,"[-1, -1, -1]",3,at,3,-1,"[-1, -1, -1]",3,-1,"[-1, -1, -1]",_p,appeared,3,1,"[1, 1, 1]",3,-1,"[-1, -1, -1]"
530,1,-42,"[-1, -42, 1]",3,,1,-42,"[-1, -42, 1]",2,-42,"[-1, -42, -42]",_d,appeared,1,-42,"[-1, -42, 1]",1,-42,"[-1, -42, 1]"
531,2,-42,"[-1, -42, -42]",3,,2,-1,"[-1, -1, -42]",2,-1,"[-1, -1, 1]",_od,appeared,3,1,"[1, 1, 1]",2,-1,"[-1, -1, 1]"
532,3,-1,"[-1, -1, -1]",3,in,2,-1,"[-1, -42, -1]",3,-1,"[-1, -1, -1]",_op,remained,3,-42,"[-42, -42, -42]",3,-1,"[-1, -1, -1]"
533,3,-1,"[-1, -1, -1]",3,on,2,-42,"[-42, -42, -1]",3,-1,"[-1, -1, -1]",_op,remained,3,-42,"[-42, -42, -42]",3,-1,"[-1, -1, -1]"
534,3,-42,"[-42, -42, -42]",3,with,2,-42,"[-42, -1, -42]",3,-42,"[-42, -42, -42]",_op,remained,2,-42,"[-42, -1, -42]",3,-42,"[-42, -42, -42]"
535,2,-1,"[-1, -1, -42]",3,at,3,-1,"[-1, -1, -1]",3,-1,"[-1, -1, -1]",_op,remained,2,-42,"[1, -42, -42]",3,-1,"[-1, -1, -1]"
536,3,-1,"[-1, -1, -1]",3,in,3,-1,"[-1, -1, -1]",3,-1,"[-1, -1, -1]",_p,remained,2,-42,"[-42, -42, 1]",3,-1,"[-1, -1, -1]"
537,2,-1,"[-42, -1, -1]",3,on,3,-1,"[-1, -1, -1]",3,-1,"[-1, -1, -1]",_p,remained,2,-42,"[-42, 1, -42]",2,-1,"[-42, -1, -1]"
538,2,-42,"[-42, -42, -1]",3,with,2,-42,"[-1, -42, -42]",3,-42,"[-42, -42, -42]",_p,remained,3,-42,"[-42, -42, -42]",3,-42,"[-42, -42, -42]"
539,3,-1,"[-1, -1, -1]",3,at,3,-1,"[-1, -1, -1]",3,-1,"[-1, -1, -1]",_p,remained,2,1,"[1, -42, 1]",3,-1,"[-1, -1, -1]"
540,2,-1,"[1, -1, -1]",3,,3,-1,"[-1, -1, -1]",2,-1,"[-42, -1, -1]",_d,remained,3,-42,"[-42, -42, -42]",2,-1,"[-42, -1, -1]"
541,3,-42,"[-42, -42, -42]",3,,2,-42,"[-42, -42, -1]",2,-1,"[-1, -42, -1]",_od,remained,2,-42,"[-42, -42, 1]",2,-1,"[-1, -42, -1]"
542,3,-1,"[-1, -1, -1]",3,in,3,-1,"[-1, -1, -1]",2,-1,"[-1, -1, 1]",_op,lived,2,1,"[-42, 1, 1]",3,-1,"[-1, -1, -1]"
543,3,-42,"[-42, -42, -42]",3,with,3,-42,"[-42, -42, -42]",3,-42,"[-42, -42, -42]",_op,lived,3,-42,"[-42, -42, -42]",3,-42,"[-42, -42, -42]"
544,3,-1,"[-1, -1, -1]",3,at,3,-1,"[-1, -1, -1]",3,-1,"[-1, -1, -1]",_op,lived,2,-42,"[1, -42, -42]",3,-1,"[-1, -1, -1]"
545,3,-1,"[-1, -1, -1]",3,in,3,-1,"[-1, -1, -1]",3,-1,"[-1, -1, -1]",_p,lived,2,1,"[-42, 1, 1]",3,-1,"[-1, -1, -1]"
546,3,-42,"[-42, -42, -42]",3,with,3,-42,"[-42, -42, -42]",3,-42,"[-42, -42, -42]",_p,lived,3,-42,"[-42, -42, -42]",3,-42,"[-42, -42, -42]"
547,2,-1,"[-1, -42, -1]",3,at,3,-1,"[-1, -1, -1]",3,-1,"[-1, -1, -1]",_p,lived,2,1,"[-42, 1, 1]",3,-1,"[-1, -1, -1]"
548,3,-1,"[-1, -1, -1]",3,,3,-1,"[-1, -1, -1]",3,-1,"[-1, -1, -1]",_d,lived,2,1,"[-42, 1, 1]",3,-1,"[-1, -1, -1]"
549,3,-1,"[-1, -1, -1]",3,,3,-1,"[-1, -1, -1]",3,-1,"[-1, -1, -1]",_od,lived,3,1,"[1, 1, 1]",3,-1,"[-1, -1, -1]"
550,2,1,"[-42, 1, 1]",3,,3,-42,"[-42, -42, -42]",2,1,"[-42, 1, 1]",_d,pulled,2,-42,"[-42, -1, -42]",2,1,"[-42, 1, 1]"
551,3,1,"[1, 1, 1]",3,,2,1,"[1, -1, 1]",3,1,"[1, 1, 1]",_od,pulled,2,1,"[1, 1, -1]",3,1,"[1, 1, 1]"
552,2,-42,"[-1, -42, -42]",3,over,3,-1,"[-1, -1, -1]",2,1,"[-42, 1, 1]",_dp,pulled,3,1,"[1, 1, 1]",2,-1,"[-1, -1, 1]"
553,2,-1,"[-1, -1, -42]",3,into,2,-42,"[-1, -42, -42]",3,-1,"[-1, -1, -1]",_dp,pulled,2,1,"[1, 1, -42]",3,-1,"[-1, -1, -1]"
554,3,-1,"[-1, -1, -1]",3,from,3,-1,"[-1, -1, -1]",3,-1,"[-1, -1, -1]",_dp,pulled,2,1,"[1, 1, -42]",3,-1,"[-1, -1, -1]"
555,3,-1,"[-1, -1, -1]",3,into,3,-1,"[-1, -1, -1]",3,-1,"[-1, -1, -1]",_op,moved,3,1,"[1, 1, 1]",3,-1,"[-1, -1, -1]"
556,2,-1,"[-1, -1, 1]",3,from,3,-1,"[-1, -1, -1]",3,-1,"[-1, -1, -1]",_op,moved,3,1,"[1, 1, 1]",3,-1,"[-1, -1, -1]"
557,3,-1,"[-1, -1, -1]",3,into,3,-1,"[-1, -1, -1]",3,-1,"[-1, -1, -1]",_p,moved,3,1,"[1, 1, 1]",3,-1,"[-1, -1, -1]"
558,2,-1,"[1, -1, -1]",3,from,2,-1,"[-42, -1, -1]",3,-1,"[-1, -1, -1]",_p,moved,3,1,"[1, 1, 1]",3,-1,"[-1, -1, -1]"
559,2,1,"[-42, 1, 1]",3,,2,-1,"[-42, -1, -1]",2,1,"[-42, 1, 1]",_d,moved,1,-42,"[-42, -1, 1]",2,1,"[-42, 1, 1]"
560,2,-42,"[-1, -42, -42]",3,,2,-42,"[-1, -42, -42]",2,1,"[1, 1, -42]",_od,moved,1,-42,"[1, -1, -42]",2,1,"[1, 1, -42]"
561,3,-1,"[-1, -1, -1]",3,into,2,-1,"[-42, -1, -1]",3,-1,"[-1, -1, -1]",_dp,moved,3,1,"[1, 1, 1]",2,-1,"[-1, -1, 1]"
562,1,-42,"[-42, -1, 1]",3,with,1,-42,"[-42, 1, -1]",2,-1,"[-1, -1, -42]",_dp,moved,1,-42,"[-42, -1, 1]",2,-1,"[-1, -1, -42]"
563,3,-1,"[-1, -1, -1]",3,from,3,-1,"[-1, -1, -1]",3,-1,"[-1, -1, -1]",_dp,moved,3,1,"[1, 1, 1]",3,-1,"[-1, -1, -1]"
564,2,1,"[-1, 1, 1]",3,,2,-1,"[-1, -1, 1]",2,1,"[-1, 1, 1]",_d,produced,2,-42,"[-42, 1, -42]",2,1,"[-1, 1, 1]"
565,3,1,"[1, 1, 1]",3,,2,-42,"[1, -42, -42]",3,1,"[1, 1, 1]",_od,produced,2,1,"[-42, 1, 1]",3,1,"[1, 1, 1]"
566,3,-1,"[-1, -1, -1]",3,with,3,-1,"[-1, -1, -1]",2,1,"[-1, 1, 1]",_dp,produced,1,-42,"[-42, 1, -1]",2,-1,"[-1, -1, 1]"
567,3,1,"[1, 1, 1]",3,from,1,-42,"[-42, 1, -1]",2,-1,"[1, -1, -1]",_dp,produced,3,-42,"[-42, -42, -42]",2,1,"[1, -1, 1]"
568,2,1,"[1, 1, -42]",3,,2,-42,"[-42, -1, -42]",2,-42,"[-42, 1, -42]",_d,broke,3,1,"[1, 1, 1]",2,-42,"[-42, 1, -42]"
569,2,1,"[-1, 1, 1]",3,,2,-1,"[-1, 1, -1]",1,-42,"[-1, -42, 1]",_od,broke,3,1,"[1, 1, 1]",1,-42,"[-1, -42, 1]"
570,3,-1,"[-1, -1, -1]",3,in,2,-1,"[-42, -1, -1]",3,-1,"[-1, -1, -1]",_dp,broke,2,1,"[1, 1, -42]",3,-1,"[-1, -1, -1]"
571,2,-1,"[-1, -1, 1]",3,with,3,1,"[1, 1, 1]",2,-1,"[-42, -1, -1]",_dp,broke,2,-1,"[-1, -1, 1]",2,-1,"[-42, -1, -1]"
572,3,-1,"[-1, -1, -1]",3,in,3,-1,"[-1, -1, -1]",3,-1,"[-1, -1, -1]",_op,played,3,1,"[1, 1, 1]",3,-1,"[-1, -1, -1]"
573,3,-1,"[-1, -1, -1]",3,on,3,-1,"[-1, -1, -1]",3,-1,"[-1, -1, -1]",_op,played,2,1,"[1, -1, 1]",3,-1,"[-1, -1, -1]"
574,2,-42,"[1, -42, -42]",3,with,2,-42,"[-1, -42, -42]",2,-42,"[1, -42, -42]",_op,played,3,-42,"[-42, -42, -42]",2,-42,"[1, -42, -42]"
575,2,-1,"[-42, -1, -1]",3,at,2,-1,"[-1, -42, -1]",2,-1,"[-1, -1, -42]",_op,played,3,1,"[1, 1, 1]",2,-1,"[-1, -1, -42]"
576,2,-42,"[-1, -42, -42]",3,in,1,-42,"[-1, -42, 1]",3,-1,"[-1, -1, -1]",_p,played,2,1,"[1, -42, 1]",2,-1,"[-1, -42, -1]"
577,2,-42,"[1, -42, -42]",3,on,3,-1,"[-1, -1, -1]",1,-42,"[1, -42, -1]",_p,played,2,1,"[1, 1, -42]",1,-42,"[1, -42, -1]"
578,2,1,"[1, 1, -42]",3,with,2,-42,"[1, -42, -42]",2,1,"[1, 1, -42]",_p,played,2,-42,"[-1, -42, -42]",2,1,"[1, 1, -42]"
579,3,-1,"[-1, -1, -1]",3,at,2,-1,"[-1, -42, -1]",3,-1,"[-1, -1, -1]",_p,played,2,1,"[1, 1, -42]",3,-1,"[-1, -1, -1]"
580,2,1,"[1, 1, -42]",3,,2,-1,"[-1, 1, -1]",2,-42,"[1, -42, -42]",_d,played,2,1,"[1, -42, 1]",2,-42,"[1, -42, -42]"
581,2,1,"[1, 1, -42]",3,,2,-1,"[-1, -1, -42]",2,1,"[1, 1, -42]",_od,played,2,1,"[1, 1, -42]",2,1,"[1, 1, -42]"
582,2,-42,"[-42, -1, -42]",3,in,2,-1,"[-1, -1, -42]",3,-1,"[-1, -1, -1]",_dp,played,2,1,"[-42, 1, 1]",2,-42,"[-42, -1, -42]"
583,2,-1,"[-1, -42, -1]",3,on,3,-1,"[-1, -1, -1]",2,-1,"[-1, -42, -1]",_dp,played,3,-42,"[-42, -42, -42]",3,-1,"[-1, -1, -1]"
584,1,-42,"[-42, 1, -1]",3,with,3,1,"[1, 1, 1]",2,1,"[1, 1, -1]",_dp,played,2,-1,"[-1, -1, -42]",2,1,"[1, 1, -1]"
585,2,-1,"[-1, -42, -1]",3,at,2,-1,"[-42, -1, -1]",3,-1,"[-1, -1, -1]",_dp,played,2,1,"[-42, 1, 1]",3,-1,"[-1, -1, -1]"
586,2,1,"[1, -1, 1]",3,for,1,-42,"[-1, -42, 1]",2,1,"[1, -1, 1]",_dp,played,2,1,"[1, 1, -42]",2,1,"[1, -1, 1]"
587,2,-1,"[-1, -1, -42]",3,in,2,-42,"[-42, -1, -42]",3,-1,"[-1, -1, -1]",_op,died,3,-42,"[-42, -42, -42]",3,-1,"[-1, -1, -1]"
588,3,-1,"[-1, -1, -1]",3,on,2,-1,"[-1, -42, -1]",3,-1,"[-1, -1, -1]",_op,died,2,-42,"[1, -42, -42]",3,-1,"[-1, -1, -1]"
589,3,-1,"[-1, -1, -1]",3,at,2,-1,"[-1, -1, 1]",3,-1,"[-1, -1, -1]",_op,died,2,-42,"[-42, -42, -1]",3,-1,"[-1, -1, -1]"
590,3,-1,"[-1, -1, -1]",3,in,2,-1,"[-1, -1, -42]",3,-1,"[-1, -1, -1]",_p,died,2,-42,"[-42, -42, -1]",2,-1,"[-1, -1, -42]"
591,2,-1,"[-1, -1, 1]",3,on,1,-42,"[-42, -1, 1]",1,-42,"[-1, -42, 1]",_p,died,2,-42,"[-42, -42, 1]",1,-42,"[-1, -42, 1]"
592,2,-42,"[-42, -1, -42]",3,at,2,-42,"[-42, -1, -42]",3,-1,"[-1, -1, -1]",_p,died,3,-42,"[-42, -42, -42]",2,-42,"[-42, -1, -42]"
593,2,-42,"[-1, -42, -42]",3,,2,-42,"[-1, -42, -42]",1,-42,"[-1, -42, 1]",_d,died,3,-42,"[-42, -42, -42]",1,-42,"[-1, -42, 1]"
594,3,-1,"[-1, -1, -1]",3,,3,-1,"[-1, -1, -1]",3,-1,"[-1, -1, -1]",_od,died,2,-42,"[1, -42, -42]",2,-1,"[-42, -1, -1]"
595,2,-1,"[-1, -1, 1]",3,on,2,-1,"[-1, -1, 1]",2,-1,"[-1, -1, -42]",_op,laid,2,-42,"[-42, 1, -42]",2,-1,"[-1, -1, -42]"
596,2,-42,"[-1, -42, -42]",3,on,2,-42,"[-42, -42, -1]",3,-1,"[-1, -1, -1]",_p,laid,3,-42,"[-42, -42, -42]",3,-1,"[-1, -1, -1]"
597,3,1,"[1, 1, 1]",3,,2,-42,"[-42, -42, -1]",3,1,"[1, 1, 1]",_d,laid,3,-42,"[-42, -42, -42]",3,1,"[1, 1, 1]"
598,1,-42,"[-42, 1, -1]",3,,3,-1,"[-1, -1, -1]",1,-42,"[-42, 1, -1]",_od,laid,2,1,"[-42, 1, 1]",1,-42,"[-42, 1, -1]"
599,2,-1,"[-1, 1, -1]",3,on,2,-1,"[-42, -1, -1]",3,-1,"[-1, -1, -1]",_dp,laid,3,1,"[1, 1, 1]",2,-1,"[-1, 1, -1]"
600,3,-1,"[-1, -1, -1]",3,upon,3,-1,"[-1, -1, -1]",3,-1,"[-1, -1, -1]",_dp,laid,2,1,"[1, -42, 1]",3,-1,"[-1, -1, -1]"
601,2,1,"[-1, 1, 1]",3,for,2,-42,"[-1, -42, -42]",2,-42,"[-42, -42, 1]",_dp,laid,2,-42,"[1, -42, -42]",1,-42,"[-1, -42, 1]"
602,2,-1,"[1, -1, -1]",3,,1,-42,"[1, -1, -42]",2,-1,"[1, -1, -1]",_d,formed,2,-42,"[1, -42, -42]",2,-1,"[1, -1, -1]"
603,2,-42,"[1, -42, -42]",3,,2,-42,"[1, -42, -42]",2,-42,"[1, -42, -42]",_od,formed,2,-42,"[1, -42, -42]",2,-42,"[1, -42, -42]"
604,2,-1,"[-1, -42, -1]",3,into,3,-1,"[-1, -1, -1]",2,1,"[-1, 1, 1]",_dp,formed,2,-42,"[1, -42, -42]",2,-42,"[-1, -42, -42]"
605,3,-42,"[-42, -42, -42]",3,with,2,-42,"[-1, -42, -42]",2,-1,"[-42, -1, -1]",_dp,formed,3,-42,"[-42, -42, -42]",2,-42,"[-42, -1, -42]"
606,2,1,"[1, -42, 1]",3,of,2,-42,"[1, -42, -42]",2,1,"[1, -42, 1]",_dp,formed,3,-42,"[-42, -42, -42]",2,1,"[1, -42, 1]"
607,1,-42,"[1, -42, -1]",3,for,2,1,"[1, 1, -1]",2,-1,"[-42, -1, -1]",_dp,formed,2,-42,"[-42, -42, -1]",2,-42,"[-42, -42, -1]"
608,3,1,"[1, 1, 1]",3,,2,-1,"[-42, -1, -1]",3,1,"[1, 1, 1]",_d,carried,2,1,"[-42, 1, 1]",3,1,"[1, 1, 1]"
609,2,1,"[-1, 1, 1]",3,,1,-42,"[-1, -42, 1]",1,-42,"[-1, 1, -42]",_od,carried,2,-42,"[1, -42, -42]",2,1,"[-1, 1, 1]"
610,2,-1,"[-1, -42, -1]",3,in,2,-42,"[-42, -42, -1]",3,-1,"[-1, -1, -1]",_dp,carried,3,-42,"[-42, -42, -42]",1,-42,"[1, -1, -42]"
611,3,-1,"[-1, -1, -1]",3,on,3,-1,"[-1, -1, -1]",2,-1,"[-1, -1, 1]",_dp,carried,3,-42,"[-42, -42, -42]",2,-1,"[-1, -1, 1]"
612,1,-42,"[-42, -1, 1]",3,into,2,-1,"[-42, -1, -1]",2,1,"[-1, 1, 1]",_dp,carried,2,-42,"[-42, 1, -42]",2,-1,"[-1, -1, 1]"
613,3,1,"[1, 1, 1]",3,,2,1,"[-1, 1, 1]",3,1,"[1, 1, 1]",_d,served,1,-42,"[-42, -1, 1]",3,1,"[1, 1, 1]"
614,1,-42,"[-42, 1, -1]",3,,2,-42,"[-42, -1, -42]",1,-42,"[-42, 1, -1]",_od,served,2,-42,"[-42, -42, 1]",1,-42,"[-42, 1, -1]"
615,2,-1,"[-1, -1, 1]",3,in,2,-1,"[-1, -1, 1]",2,-1,"[-1, -1, -42]",_dp,served,2,1,"[1, 1, -42]",2,-1,"[-1, -1, -42]"
616,2,-1,"[-42, -1, -1]",3,on,2,-1,"[-42, -1, -1]",3,-1,"[-1, -1, -1]",_dp,served,3,-42,"[-42, -42, -42]",3,-1,"[-1, -1, -1]"
617,2,-42,"[-1, -42, -42]",3,with,2,-42,"[-1, -42, -42]",2,-42,"[-1, -42, -42]",_dp,served,3,-42,"[-42, -42, -42]",2,-42,"[1, -42, -42]"
618,2,-1,"[-1, -42, -1]",3,for,2,-1,"[-42, -1, -1]",3,-1,"[-1, -1, -1]",_dp,served,1,-42,"[-1, -42, 1]",3,-1,"[-1, -1, -1]"
619,3,-1,"[-1, -1, -1]",3,on,3,-1,"[-1, -1, -1]",3,-1,"[-1, -1, -1]",_op,rose,3,1,"[1, 1, 1]",3,-1,"[-1, -1, -1]"
620,2,-1,"[-1, 1, -1]",3,from,3,-1,"[-1, -1, -1]",3,-1,"[-1, -1, -1]",_op,rose,2,1,"[-42, 1, 1]",2,-42,"[-42, -1, -42]"
621,2,-1,"[-42, -1, -1]",3,on,3,-1,"[-1, -1, -1]",1,-42,"[-42, -1, 1]",_p,rose,2,1,"[-42, 1, 1]",1,-42,"[-42, -1, 1]"
622,3,-1,"[-1, -1, -1]",3,from,2,-1,"[1, -1, -1]",3,-1,"[-1, -1, -1]",_p,rose,2,1,"[-42, 1, 1]",3,-1,"[-1, -1, -1]"
623,2,1,"[1, -42, 1]",3,,1,-42,"[-1, -42, 1]",1,-42,"[-42, -1, 1]",_d,rose,1,-42,"[-42, 1, -1]",2,-42,"[-42, -42, 1]"
624,2,1,"[-42, 1, 1]",3,,2,1,"[-42, 1, 1]",2,-42,"[-42, 1, -42]",_od,rose,2,-1,"[-1, -1, -42]",2,1,"[-42, 1, 1]"
625,2,-1,"[-1, -42, -1]",3,from,3,-1,"[-1, -1, -1]",3,-1,"[-1, -1, -1]",_op,returned,3,1,"[1, 1, 1]",2,-1,"[-1, -42, -1]"
626,3,-1,"[-1, -1, -1]",3,from,3,-1,"[-1, -1, -1]",3,-1,"[-1, -1, -1]",_p,returned,3,1,"[1, 1, 1]",3,-1,"[-1, -1, -1]"
627,2,-42,"[1, -42, -42]",3,,2,-42,"[-1, -42, -42]",2,-42,"[1, -42, -42]",_d,returned,3,-42,"[-42, -42, -42]",2,-42,"[1, -42, -42]"
628,3,1,"[1, 1, 1]",3,,2,-42,"[-1, -42, -42]",3,1,"[1, 1, 1]",_od,returned,3,-42,"[-42, -42, -42]",3,1,"[1, 1, 1]"
629,2,-1,"[-42, -1, -1]",3,in,1,-42,"[-42, -1, 1]",3,-1,"[-1, -1, -1]",_dp,returned,3,-42,"[-42, -42, -42]",2,1,"[1, -1, 1]"
630,2,-42,"[1, -42, -42]",3,with,2,-42,"[-42, -1, -42]",3,-42,"[-42, -42, -42]",_dp,returned,2,1,"[1, 1, -42]",2,-42,"[1, -42, -42]"
631,2,-1,"[-1, -1, 1]",3,in,2,-1,"[-1, -1, 1]",3,-1,"[-1, -1, -1]",_op,arrived,3,-42,"[-42, -42, -42]",2,-1,"[-1, -1, 1]"
632,3,-1,"[-1, -1, -1]",3,on,3,-1,"[-1, -1, -1]",3,-1,"[-1, -1, -1]",_op,arrived,3,-42,"[-42, -42, -42]",3,-1,"[-1, -1, -1]"
633,2,-42,"[1, -42, -42]",3,with,2,-42,"[1, -42, -42]",2,-42,"[1, -42, -42]",_op,arrived,3,-42,"[-42, -42, -42]",2,-42,"[1, -42, -42]"
634,3,-1,"[-1, -1, -1]",3,at,3,-1,"[-1, -1, -1]",3,-1,"[-1, -1, -1]",_op,arrived,3,1,"[1, 1, 1]",3,-1,"[-1, -1, -1]"
635,3,-1,"[-1, -1, -1]",3,in,3,-1,"[-1, -1, -1]",3,-1,"[-1, -1, -1]",_p,arrived,2,-42,"[-42, -1, -42]",3,-1,"[-1, -1, -1]"
636,3,-1,"[-1, -1, -1]",3,on,3,-1,"[-1, -1, -1]",3,-1,"[-1, -1, -1]",_p,arrived,2,-42,"[-42, -1, -42]",3,-1,"[-1, -1, -1]"
637,2,-42,"[-42, 1, -42]",3,with,2,-42,"[-42, -1, -42]",2,-42,"[-42, 1, -42]",_p,arrived,2,-42,"[-42, 1, -42]",2,-42,"[-42, 1, -42]"
638,2,-1,"[1, -1, -1]",3,at,3,-1,"[-1, -1, -1]",3,-1,"[-1, -1, -1]",_p,arrived,3,1,"[1, 1, 1]",3,-1,"[-1, -1, -1]"
639,3,-1,"[-1, -1, -1]",3,,3,-1,"[-1, -1, -1]",3,-1,"[-1, -1, -1]",_d,arrived,3,1,"[1, 1, 1]",3,-1,"[-1, -1, -1]"
640,2,-1,"[-1, -1, -42]",3,,2,-1,"[-42, -1, -1]",3,-1,"[-1, -1, -1]",_od,arrived,3,1,"[1, 1, 1]",2,-1,"[-1, -1, -42]"
641,2,1,"[1, 1, -42]",3,,2,-42,"[-1, -42, -42]",2,1,"[1, 1, -42]",_d,raised,2,-42,"[1, -42, -42]",2,1,"[1, 1, -42]"
642,2,1,"[1, -42, 1]",3,,1,-42,"[1, -42, -1]",2,1,"[1, -42, 1]",_od,raised,1,-42,"[-1, -42, 1]",2,1,"[1, -42, 1]"
643,2,-1,"[-42, -1, -1]",3,in,2,-1,"[-42, -1, -1]",3,-1,"[-1, -1, -1]",_dp,raised,1,-42,"[-42, 1, -1]",3,-1,"[-1, -1, -1]"
644,2,-1,"[-1, -1, -42]",3,with,2,1,"[1, 1, -42]",2,-1,"[-1, -1, -42]",_dp,raised,2,1,"[-42, 1, 1]",1,-42,"[-1, 1, -42]"
645,2,1,"[-1, 1, 1]",3,from,2,-42,"[1, -42, -42]",2,-1,"[-1, 1, -1]",_dp,raised,2,1,"[1, 1, -42]",2,-1,"[-1, 1, -1]"
646,1,-42,"[-42, -1, 1]",3,for,2,-1,"[-1, -1, 1]",2,-1,"[-1, -1, 1]",_dp,raised,2,-42,"[-42, 1, -42]",2,-1,"[-1, -1, 1]"
647,2,1,"[1, 1, -42]",3,in,2,-1,"[-1, -1, -42]",3,-1,"[-1, -1, -1]",_op,ran,3,1,"[1, 1, 1]",2,-42,"[1, -42, -42]"
648,2,-1,"[-1, -1, -42]",3,into,2,-1,"[-1, -1, -42]",3,-1,"[-1, -1, -1]",_op,ran,3,1,"[1, 1, 1]",3,-1,"[-1, -1, -1]"
649,2,-1,"[-1, -1, 1]",3,in,3,-1,"[-1, -1, -1]",3,-1,"[-1, -1, -1]",_p,ran,3,1,"[1, 1, 1]",3,-1,"[-1, -1, -1]"
650,3,-1,"[-1, -1, -1]",3,into,3,-1,"[-1, -1, -1]",3,-1,"[-1, -1, -1]",_p,ran,3,1,"[1, 1, 1]",3,-1,"[-1, -1, -1]"
651,3,-1,"[-1, -1, -1]",3,,3,-1,"[-1, -1, -1]",2,-1,"[-1, -1, 1]",_d,ran,3,1,"[1, 1, 1]",3,-1,"[-1, -1, -1]"
652,2,-1,"[-1, 1, -1]",3,,2,-1,"[-1, -42, -1]",1,-42,"[-1, 1, -42]",_od,ran,1,-42,"[1, -1, -42]",1,-42,"[-1, 1, -42]"
653,2,1,"[-1, 1, 1]",3,over,2,-1,"[-1, -1, 1]",3,-1,"[-1, -1, -1]",_dp,ran,3,1,"[1, 1, 1]",2,-1,"[-1, 1, -1]"
654,2,-1,"[-1, -42, -1]",3,into,2,-1,"[-1, -42, -1]",2,-1,"[-1, -42, -1]",_dp,ran,3,1,"[1, 1, 1]",2,-1,"[-1, -42, -1]"
655,2,1,"[-1, 1, 1]",3,,3,-42,"[-42, -42, -42]",2,-1,"[-1, 1, -1]",_d,led,3,-42,"[-42, -42, -42]",2,-1,"[-1, 1, -1]"
656,2,-42,"[-42, 1, -42]",3,,3,-42,"[-42, -42, -42]",2,-42,"[-42, 1, -42]",_od,led,3,-42,"[-42, -42, -42]",2,-42,"[-42, 1, -42]"
657,2,-42,"[-42, -42, 1]",3,through,3,-1,"[-1, -1, -1]",2,-1,"[-1, -1, 1]",_dp,led,3,1,"[1, 1, 1]",2,-1,"[-1, -1, 1]"
658,2,-1,"[-1, -1, -42]",3,down,3,-1,"[-1, -1, -1]",3,-1,"[-1, -1, -1]",_dp,led,3,1,"[1, 1, 1]",3,-1,"[-1, -1, -1]"
659,2,-42,"[-42, 1, -42]",3,,2,-42,"[-42, -1, -42]",3,-42,"[-42, -42, -42]",_d,followed,2,-42,"[-42, -42, -1]",2,-42,"[-42, -42, 1]"
660,2,-42,"[-42, 1, -42]",3,,2,-42,"[-42, 1, -42]",2,-42,"[-42, 1, -42]",_od,followed,2,-1,"[-42, -1, -1]",2,-42,"[-42, 1, -42]"
661,3,1,"[1, 1, 1]",3,,2,-42,"[-42, -42, 1]",3,1,"[1, 1, 1]",_d,caught,1,-42,"[-1, -42, 1]",3,1,"[1, 1, 1]"
662,3,1,"[1, 1, 1]",3,,2,1,"[1, -1, 1]",3,1,"[1, 1, 1]",_od,caught,3,-1,"[-1, -1, -1]",2,1,"[-42, 1, 1]"
663,3,1,"[1, 1, 1]",3,with,2,1,"[1, -42, 1]",2,-1,"[-1, -42, -1]",_dp,caught,3,1,"[1, 1, 1]",2,-42,"[1, -42, -42]"
664,2,-1,"[-1, 1, -1]",3,at,3,-1,"[-1, -1, -1]",2,-1,"[-1, 1, -1]",_dp,caught,3,1,"[1, 1, 1]",2,-1,"[-1, 1, -1]"
665,2,-42,"[1, -42, -42]",3,,2,-42,"[1, -42, -42]",3,-42,"[-42, -42, -42]",_d,struck,2,-42,"[1, -42, -42]",3,-42,"[-42, -42, -42]"
666,3,1,"[1, 1, 1]",3,,3,-42,"[-42, -42, -42]",3,-42,"[-42, -42, -42]",_od,struck,3,1,"[1, 1, 1]",3,-42,"[-42, -42, -42]"
667,2,1,"[-42, 1, 1]",3,on,1,-42,"[-42, 1, -1]",1,-42,"[1, -42, -1]",_dp,struck,2,1,"[-42, 1, 1]",2,1,"[1, 1, -1]"
668,2,-1,"[-1, -42, -1]",3,into,1,-42,"[-1, 1, -42]",2,-1,"[-1, -1, -42]",_dp,struck,2,1,"[1, 1, -42]",2,-1,"[-1, -42, -1]"
669,2,-1,"[-1, -1, -42]",3,with,1,-42,"[1, -1, -42]",3,-1,"[-1, -1, -1]",_dp,struck,2,-1,"[-1, -1, 1]",2,-1,"[-1, -1, -42]"
670,2,-1,"[-1, -42, -1]",3,in,2,-1,"[-1, -42, -1]",3,-1,"[-1, -1, -1]",_op,ate,2,-42,"[-42, -42, 1]",2,-1,"[-1, -42, -1]"
671,2,-42,"[-42, -42, 1]",3,with,3,-42,"[-42, -42, -42]",3,-42,"[-42, -42, -42]",_op,ate,3,-42,"[-42, -42, -42]",3,-42,"[-42, -42, -42]"
672,1,-42,"[1, -1, -42]",3,at,1,-42,"[1, -1, -42]",3,-1,"[-1, -1, -1]",_op,ate,2,-42,"[-42, 1, -42]",3,-1,"[-1, -1, -1]"
673,2,-1,"[-1, -1, 1]",3,in,2,-1,"[-1, -1, 1]",2,-1,"[-1, -1, 1]",_p,ate,2,1,"[-42, 1, 1]",2,-1,"[-1, -1, 1]"
674,2,-42,"[-42, -42, 1]",3,with,2,1,"[1, -42, 1]",2,1,"[1, -42, 1]",_p,ate,3,-42,"[-42, -42, -42]",2,1,"[1, -42, 1]"
675,1,-42,"[1, -42, -1]",3,at,3,-1,"[-1, -1, -1]",3,-1,"[-1, -1, -1]",_p,ate,2,1,"[1, 1, -42]",3,-1,"[-1, -1, -1]"
676,3,1,"[1, 1, 1]",3,,1,-42,"[-42, 1, -1]",3,1,"[1, 1, 1]",_d,ate,2,-1,"[-1, -1, 1]",3,1,"[1, 1, 1]"
677,2,1,"[1, -42, 1]",3,,2,1,"[1, -42, 1]",3,1,"[1, 1, 1]",_od,ate,2,1,"[-42, 1, 1]",3,1,"[1, 1, 1]"
678,3,-1,"[-1, -1, -1]",3,in,2,-1,"[-42, -1, -1]",3,-1,"[-1, -1, -1]",_dp,ate,2,1,"[1, 1, -42]",3,-1,"[-1, -1, -1]"
679,2,-1,"[-1, -1, -42]",3,with,1,-42,"[-1, 1, -42]",2,1,"[1, 1, -42]",_dp,ate,2,-42,"[-42, -1, -42]",1,-42,"[1, -1, -42]"
680,2,-1,"[-42, -1, -1]",3,at,2,-1,"[-42, -1, -1]",2,1,"[1, 1, -1]",_dp,ate,3,-42,"[-42, -42, -42]",2,-1,"[-42, -1, -1]"
681,2,1,"[1, 1, -42]",3,for,2,-42,"[-1, -42, -42]",2,-1,"[-1, 1, -1]",_dp,ate,2,-42,"[-42, -42, 1]",2,-1,"[-1, 1, -1]"
682,3,1,"[1, 1, 1]",3,,3,1,"[1, 1, 1]",3,1,"[1, 1, 1]",_d,added,2,-1,"[-1, 1, -1]",3,1,"[1, 1, 1]"
683,2,-42,"[-42, 1, -42]",3,,2,-42,"[-42, 1, -42]",2,1,"[-42, 1, 1]",_od,added,3,-42,"[-42, -42, -42]",2,-42,"[-42, 1, -42]"
684,2,-42,"[-42, -1, -42]",3,in,1,-42,"[1, -1, -42]",3,-1,"[-1, -1, -1]",_dp,added,3,-42,"[-42, -42, -42]",2,-1,"[-1, -1, -42]"
685,2,-42,"[-1, -42, -42]",3,on,1,-42,"[-1, -42, 1]",2,-1,"[1, -1, -1]",_dp,added,3,-42,"[-42, -42, -42]",1,-42,"[1, -42, -1]"
686,2,-42,"[-42, -42, -1]",3,with,2,-42,"[-42, -42, -1]",2,-42,"[-1, -42, -42]",_dp,added,2,1,"[1, -42, 1]",3,-42,"[-42, -42, -42]"
687,2,1,"[1, 1, -42]",3,in,2,1,"[-1, 1, 1]",2,1,"[1, 1, -1]",_op,ordered,2,1,"[1, 1, -1]",2,1,"[1, 1, -1]"
688,3,-42,"[-42, -42, -42]",3,for,2,-42,"[-42, 1, -42]",3,-42,"[-42, -42, -42]",_op,ordered,3,-42,"[-42, -42, -42]",3,-42,"[-42, -42, -42]"
689,2,-1,"[-1, -1, -42]",3,in,2,-42,"[-1, -42, -42]",2,-1,"[-1, -42, -1]",_p,ordered,2,-42,"[1, -42, -42]",2,-1,"[-1, 1, -1]"
690,3,-42,"[-42, -42, -42]",3,for,2,-42,"[-1, -42, -42]",3,-42,"[-42, -42, -42]",_p,ordered,3,-42,"[-42, -42, -42]",3,-42,"[-42, -42, -42]"
691,3,1,"[1, 1, 1]",3,,2,1,"[1, -1, 1]",3,1,"[1, 1, 1]",_d,ordered,2,-42,"[-42, 1, -42]",3,1,"[1, 1, 1]"
692,3,1,"[1, 1, 1]",3,,1,-42,"[-42, 1, -1]",3,1,"[1, 1, 1]",_od,ordered,2,-42,"[-42, -42, 1]",3,1,"[1, 1, 1]"
693,2,-42,"[-1, -42, -42]",3,in,2,-1,"[-1, -1, -42]",3,-1,"[-1, -1, -1]",_dp,ordered,2,1,"[1, 1, -42]",3,-1,"[-1, -1, -1]"
694,2,-1,"[-1, -42, -1]",3,on,2,-1,"[-1, -42, -1]",2,-1,"[-1, -42, -1]",_dp,ordered,1,-42,"[-42, -1, 1]",2,-1,"[-1, 1, -1]"
695,2,-42,"[-42, -42, 1]",3,with,2,-42,"[-42, -42, 1]",2,-42,"[-42, -42, 1]",_dp,ordered,2,-42,"[1, -42, -42]",2,-42,"[-42, -42, 1]"
696,3,-42,"[-42, -42, -42]",3,of,2,-1,"[-42, -1, -1]",1,-42,"[1, -42, -1]",_dp,ordered,3,-42,"[-42, -42, -42]",2,-42,"[-42, 1, -42]"
697,3,-42,"[-42, -42, -42]",3,for,2,-42,"[-1, -42, -42]",3,-1,"[-1, -1, -1]",_dp,ordered,2,-42,"[1, -42, -42]",3,-1,"[-1, -1, -1]"
698,2,1,"[1, 1, -42]",3,,1,-42,"[-1, 1, -42]",3,1,"[1, 1, 1]",_d,filled,3,1,"[1, 1, 1]",2,1,"[1, 1, -42]"
699,1,-42,"[-42, -1, 1]",3,,2,-1,"[-1, -1, 1]",2,-1,"[-1, -1, -42]",_od,filled,2,-42,"[1, -42, -42]",2,-42,"[1, -42, -42]"
700,2,-42,"[-42, 1, -42]",3,with,2,1,"[-1, 1, 1]",2,-42,"[-42, -1, -42]",_dp,filled,3,-42,"[-42, -42, -42]",2,-42,"[-42, 1, -42]"
701,2,-1,"[-1, -1, -42]",3,from,1,-42,"[-42, 1, -1]",3,-1,"[-1, -1, -1]",_dp,filled,2,-42,"[-42, -1, -42]",3,-1,"[-1, -1, -1]"
702,2,-42,"[1, -42, -42]",3,for,2,-1,"[-1, -1, -42]",2,-1,"[-1, -1, -42]",_dp,filled,2,-42,"[1, -42, -42]",2,-1,"[-1, -1, -42]"
703,1,-42,"[-1, -42, 1]",3,in,2,1,"[-1, 1, 1]",2,1,"[1, -42, 1]",_op,poured,2,-1,"[1, -1, -1]",1,-42,"[-1, -42, 1]"
704,2,-42,"[-42, 1, -42]",3,on,2,1,"[-1, 1, 1]",2,1,"[1, 1, -42]",_op,poured,2,-1,"[1, -1, -1]",1,-42,"[-1, 1, -42]"
705,2,-1,"[-1, -42, -1]",3,into,3,-1,"[-1, -1, -1]",1,-42,"[-42, 1, -1]",_op,poured,2,1,"[-42, 1, 1]",2,-42,"[-42, -42, -1]"
706,2,1,"[-42, 1, 1]",3,in,3,1,"[1, 1, 1]",2,1,"[-42, 1, 1]",_p,poured,2,-1,"[-1, -1, 1]",2,1,"[-42, 1, 1]"
707,3,1,"[1, 1, 1]",3,on,3,1,"[1, 1, 1]",3,1,"[1, 1, 1]",_p,poured,3,-1,"[-1, -1, -1]",3,1,"[1, 1, 1]"
708,3,1,"[1, 1, 1]",3,into,3,1,"[1, 1, 1]",3,1,"[1, 1, 1]",_p,poured,3,-1,"[-1, -1, -1]",3,1,"[1, 1, 1]"
709,3,1,"[1, 1, 1]",3,,3,1,"[1, 1, 1]",3,1,"[1, 1, 1]",_d,poured,2,-1,"[-1, -1, 1]",3,1,"[1, 1, 1]"
710,2,1,"[1, -42, 1]",3,,3,1,"[1, 1, 1]",3,1,"[1, 1, 1]",_od,poured,1,-42,"[1, -42, -1]",3,1,"[1, 1, 1]"
711,2,-42,"[-42, 1, -42]",3,in,3,-1,"[-1, -1, -1]",2,-1,"[-1, -1, -42]",_dp,poured,2,1,"[1, -1, 1]",1,-42,"[-42, -1, 1]"
712,2,-42,"[-42, -42, -1]",3,on,3,-1,"[-1, -1, -1]",2,-42,"[-42, -42, -1]",_dp,poured,3,1,"[1, 1, 1]",2,-1,"[-1, 1, -1]"
713,3,-1,"[-1, -1, -1]",3,into,3,-1,"[-1, -1, -1]",3,-1,"[-1, -1, -1]",_dp,poured,2,-42,"[-42, -42, 1]",2,-1,"[-1, -42, -1]"
714,3,-1,"[-1, -1, -1]",3,from,3,-1,"[-1, -1, -1]",3,-1,"[-1, -1, -1]",_dp,poured,3,1,"[1, 1, 1]",2,-1,"[-1, -1, 1]"
715,2,1,"[1, -42, 1]",3,,2,-1,"[1, -1, -1]",2,1,"[1, -42, 1]",_d,bought,2,1,"[1, -42, 1]",2,1,"[1, -42, 1]"
716,2,-42,"[-42, -42, 1]",3,,2,-42,"[-42, -42, 1]",2,-42,"[-42, -42, 1]",_od,bought,3,-42,"[-42, -42, -42]",2,-42,"[-42, -42, 1]"
717,3,-42,"[-42, -42, -42]",3,with,3,-42,"[-42, -42, -42]",2,-42,"[-42, -42, 1]",_dp,bought,2,-42,"[-42, -42, -1]",2,1,"[1, -42, 1]"
718,2,-42,"[-42, -1, -42]",3,at,2,-42,"[-42, -1, -42]",3,-1,"[-1, -1, -1]",_dp,bought,2,-42,"[-42, 1, -42]",3,-1,"[-1, -1, -1]"
719,3,-42,"[-42, -42, -42]",3,for,3,-42,"[-42, -42, -42]",2,-42,"[-42, -1, -42]",_dp,bought,3,-42,"[-42, -42, -42]",2,-42,"[-42, -1, -42]"
720,3,1,"[1, 1, 1]",3,on,2,1,"[1, 1, -42]",3,1,"[1, 1, 1]",_op,picked,2,-42,"[1, -42, -42]",3,1,"[1, 1, 1]"
721,2,1,"[-42, 1, 1]",3,on,2,-42,"[-42, -42, 1]",2,1,"[-42, 1, 1]",_p,picked,2,-42,"[-42, 1, -42]",2,1,"[-42, 1, 1]"
722,2,1,"[1, 1, -42]",3,,1,-42,"[-1, 1, -42]",2,1,"[1, 1, -42]",_d,picked,2,-42,"[-42, 1, -42]",2,1,"[1, 1, -42]"
723,2,1,"[-42, 1, 1]",3,,2,-42,"[-42, -42, 1]",2,1,"[-42, 1, 1]",_od,picked,2,-42,"[-42, 1, -42]",2,1,"[-42, 1, 1]"
724,2,-42,"[-42, -42, -1]",3,on,1,-42,"[-42, 1, -1]",2,-1,"[-1, -42, -1]",_dp,picked,2,-42,"[-42, 1, -42]",2,-42,"[-42, -42, -1]"
725,3,-1,"[-1, -1, -1]",3,from,2,-1,"[-1, -42, -1]",3,-1,"[-1, -1, -1]",_dp,picked,3,1,"[1, 1, 1]",3,-1,"[-1, -1, -1]"
726,2,1,"[-42, 1, 1]",3,,2,-42,"[-42, -42, -1]",2,-42,"[-42, 1, -42]",_d,developed,2,-42,"[-42, -42, 1]",3,1,"[1, 1, 1]"
727,2,-42,"[-42, -42, 1]",3,,2,-42,"[-42, -42, 1]",2,-42,"[-42, -42, 1]",_od,developed,3,-42,"[-42, -42, -42]",2,-42,"[-42, -42, 1]"
728,2,-42,"[-42, -1, -42]",3,for,2,-42,"[-42, -1, -42]",2,-42,"[-42, -1, -42]",_dp,developed,2,-42,"[-42, 1, -42]",2,-42,"[-42, -1, -42]"
729,2,-1,"[-1, -1, -42]",3,over,2,-1,"[-1, -1, -42]",3,-1,"[-1, -1, -1]",_op,crossed,3,1,"[1, 1, 1]",2,-1,"[-1, -1, -42]"
730,2,-42,"[-42, -42, -1]",3,over,3,-1,"[-1, -1, -1]",3,-1,"[-1, -1, -1]",_p,crossed,3,1,"[1, 1, 1]",3,-1,"[-1, -1, -1]"
731,2,-1,"[-42, -1, -1]",3,,2,-1,"[-1, -1, 1]",3,-1,"[-1, -1, -1]",_d,crossed,2,1,"[1, 1, -1]",2,-1,"[-42, -1, -1]"
732,3,-1,"[-1, -1, -1]",3,,3,-1,"[-1, -1, -1]",3,-1,"[-1, -1, -1]",_od,crossed,3,1,"[1, 1, 1]",2,-1,"[-1, -42, -1]"
733,3,-42,"[-42, -42, -42]",3,over,3,-42,"[-42, -42, -42]",2,-42,"[-42, -1, -42]",_dp,crossed,3,-42,"[-42, -42, -42]",2,-42,"[-42, -1, -42]"
734,2,-42,"[-1, -42, -42]",3,in,2,-42,"[-1, -42, -42]",2,-1,"[-1, -1, -42]",_dp,crossed,3,1,"[1, 1, 1]",2,-1,"[-1, -1, -42]"
735,3,1,"[1, 1, 1]",3,with,3,1,"[1, 1, 1]",3,1,"[1, 1, 1]",_dp,crossed,2,-1,"[-42, -1, -1]",3,1,"[1, 1, 1]"
736,2,-42,"[-42, 1, -42]",3,by,2,-42,"[-42, 1, -42]",2,1,"[-1, 1, 1]",_dp,crossed,2,-1,"[-42, -1, -1]",2,1,"[-42, 1, 1]"
737,2,-42,"[-42, -1, -42]",3,,2,-1,"[-1, -1, -42]",2,-42,"[-42, -1, -42]",_d,built,2,1,"[1, -1, 1]",2,-42,"[-42, -1, -42]"
738,3,-1,"[-1, -1, -1]",3,,3,-1,"[-1, -1, -1]",3,-1,"[-1, -1, -1]",_od,built,2,-42,"[1, -42, -42]",3,-1,"[-1, -1, -1]"
739,2,-1,"[-42, -1, -1]",3,in,2,-1,"[-42, -1, -1]",3,-1,"[-1, -1, -1]",_dp,built,3,-42,"[-42, -42, -42]",2,-1,"[-42, -1, -1]"
740,2,-42,"[1, -42, -42]",3,with,2,1,"[1, -42, 1]",3,1,"[1, 1, 1]",_dp,built,2,-42,"[-42, -42, -1]",3,1,"[1, 1, 1]"
741,3,-42,"[-42, -42, -42]",3,at,3,-42,"[-42, -42, -42]",3,-1,"[-1, -1, -1]",_dp,built,2,-42,"[-42, -42, -1]",2,-42,"[-42, 1, -42]"
742,1,-42,"[-1, 1, -42]",3,for,2,1,"[1, 1, -1]",2,1,"[1, 1, -42]",_dp,built,2,-1,"[-1, -1, 1]",2,1,"[1, 1, -42]"
743,2,-1,"[-42, -1, -1]",3,in,1,-42,"[-42, 1, -1]",3,-1,"[-1, -1, -1]",_op,waited,2,-1,"[-42, -1, -1]",2,-1,"[-42, -1, -1]"
744,2,-42,"[-42, 1, -42]",3,on,2,1,"[1, 1, -42]",2,-42,"[-42, 1, -42]",_op,waited,1,-42,"[-1, -42, 1]",2,-42,"[-42, 1, -42]"
745,3,-42,"[-42, -42, -42]",3,for,2,-42,"[1, -42, -42]",3,-42,"[-42, -42, -42]",_op,waited,2,-42,"[-1, -42, -42]",3,-42,"[-42, -42, -42]"
746,3,-1,"[-1, -1, -1]",3,in,2,-1,"[-1, -1, 1]",3,-1,"[-1, -1, -1]",_p,waited,1,-42,"[-42, 1, -1]",3,-1,"[-1, -1, -1]"
747,2,-42,"[-42, -1, -42]",3,on,1,-42,"[-42, -1, 1]",1,-42,"[1, -1, -42]",_p,waited,1,-42,"[1, -42, -1]",2,-42,"[-42, -1, -42]"
748,3,-42,"[-42, -42, -42]",3,for,2,-42,"[-42, 1, -42]",3,-42,"[-42, -42, -42]",_p,waited,2,-1,"[1, -1, -1]",3,-42,"[-42, -42, -42]"
749,2,-42,"[-1, -42, -42]",3,,2,-42,"[-1, -42, -42]",2,-42,"[-1, -42, -42]",_d,waited,3,-42,"[-42, -42, -42]",2,-42,"[-1, -42, -42]"
750,1,-42,"[-1, 1, -42]",3,,1,-42,"[-1, 1, -42]",1,-42,"[-1, 1, -42]",_od,waited,1,-42,"[-42, 1, -1]",1,-42,"[-1, 1, -42]"
751,2,-1,"[-1, -42, -1]",3,,2,-1,"[-1, -42, -1]",3,-1,"[-1, -1, -1]",_d,drove,2,-42,"[-42, -1, -42]",2,-1,"[-1, -42, -1]"
752,2,-1,"[-42, -1, -1]",3,,2,-1,"[-42, -1, -1]",3,-1,"[-1, -1, -1]",_od,drove,2,-42,"[-42, -1, -42]",3,-1,"[-1, -1, -1]"
753,3,-1,"[-1, -1, -1]",3,in,2,-1,"[1, -1, -1]",3,-1,"[-1, -1, -1]",_dp,drove,2,1,"[-1, 1, 1]",2,-1,"[1, -1, -1]"
754,3,-1,"[-1, -1, -1]",3,into,2,-1,"[-42, -1, -1]",3,-1,"[-1, -1, -1]",_dp,drove,2,1,"[1, 1, -42]",3,-1,"[-1, -1, -1]"
755,3,-1,"[-1, -1, -1]",3,through,3,-1,"[-1, -1, -1]",3,-1,"[-1, -1, -1]",_dp,drove,3,1,"[1, 1, 1]",3,-1,"[-1, -1, -1]"
756,2,1,"[1, 1, -42]",3,with,2,-42,"[1, -42, -42]",3,1,"[1, 1, 1]",_dp,drove,2,-42,"[-42, 1, -42]",3,1,"[1, 1, 1]"
757,2,-42,"[-1, -42, -42]",3,from,2,-1,"[-1, -1, -42]",3,-1,"[-1, -1, -1]",_dp,drove,3,1,"[1, 1, 1]",3,-1,"[-1, -1, -1]"
758,2,1,"[1, -42, 1]",3,for,1,-42,"[-1, -42, 1]",3,1,"[1, 1, 1]",_dp,drove,3,1,"[1, 1, 1]",3,1,"[1, 1, 1]"
759,2,1,"[1, -42, 1]",3,,1,-42,"[-1, -42, 1]",2,1,"[1, -42, 1]",_d,won,2,-42,"[1, -42, -42]",2,-42,"[1, -42, -42]"
760,2,1,"[1, -42, 1]",3,,2,-42,"[-42, -42, 1]",2,-42,"[-42, -42, 1]",_od,won,2,-42,"[-42, -42, 1]",2,-42,"[-42, -42, 1]"
761,2,-42,"[-42, -1, -42]",3,in,2,-42,"[-42, -1, -42]",3,-1,"[-1, -1, -1]",_dp,won,2,-42,"[-42, 1, -42]",2,-1,"[-42, -1, -1]"
762,1,-42,"[-1, -42, 1]",3,with,2,-42,"[1, -42, -42]",1,-42,"[-1, -42, 1]",_dp,won,2,-42,"[-42, -1, -42]",1,-42,"[-1, -42, 1]"
763,2,-42,"[1, -42, -42]",3,for,2,-42,"[-1, -42, -42]",2,-42,"[1, -42, -42]",_dp,won,2,-42,"[1, -42, -42]",2,-42,"[1, -42, -42]"
764,1,-42,"[-42, -1, 1]",3,,1,-42,"[-42, -1, 1]",3,1,"[1, 1, 1]",_d,obtained,2,-42,"[-42, 1, -42]",2,1,"[-42, 1, 1]"
765,2,1,"[-42, 1, 1]",3,,2,-42,"[-42, -1, -42]",3,1,"[1, 1, 1]",_od,obtained,3,-42,"[-42, -42, -42]",3,1,"[1, 1, 1]"
766,1,-42,"[1, -1, -42]",3,from,2,-42,"[-42, -1, -42]",3,-1,"[-1, -1, -1]",_dp,obtained,3,-42,"[-42, -42, -42]",2,-1,"[-42, -1, -1]"
767,3,1,"[1, 1, 1]",3,,1,-42,"[-42, -1, 1]",3,1,"[1, 1, 1]",_d,pushed,2,-42,"[-1, -42, -42]",2,1,"[-1, 1, 1]"
768,2,1,"[1, 1, -42]",3,,1,-42,"[1, -1, -42]",2,1,"[1, 1, -42]",_od,pushed,2,-42,"[1, -42, -42]",2,1,"[1, 1, -42]"
769,2,-42,"[-1, -42, -42]",3,in,1,-42,"[-1, -42, 1]",3,-1,"[-1, -1, -1]",_dp,pushed,3,1,"[1, 1, 1]",2,-1,"[-1, -1, -42]"
770,2,-1,"[-1, -1, -42]",3,on,2,-42,"[-1, -42, -42]",3,-1,"[-1, -1, -1]",_dp,pushed,2,1,"[-42, 1, 1]",2,-1,"[-1, -1, -42]"
771,2,-42,"[-1, -42, -42]",3,into,2,-42,"[-1, -42, -42]",2,-42,"[-1, -42, -42]",_dp,pushed,2,1,"[1, 1, -42]",2,-42,"[-1, -42, -42]"
772,2,-1,"[-1, -1, -42]",3,through,2,-1,"[-1, -1, 1]",3,-1,"[-1, -1, -1]",_dp,pushed,3,1,"[1, 1, 1]",2,-1,"[-1, -1, -42]"
773,2,1,"[1, 1, -42]",3,with,2,1,"[1, 1, -42]",2,1,"[1, 1, -1]",_dp,pushed,1,-42,"[-1, -42, 1]",2,1,"[1, 1, -1]"
774,2,-1,"[-1, -42, -1]",3,from,1,-42,"[-1, -42, 1]",2,-1,"[-1, -42, -1]",_dp,pushed,2,1,"[1, -42, 1]",3,-1,"[-1, -1, -1]"
775,2,-42,"[-42, -1, -42]",3,from,2,-42,"[-42, -42, -1]",2,1,"[1, -1, 1]",_op,gained,3,-42,"[-42, -42, -42]",1,-42,"[-42, -1, 1]"
776,2,1,"[-42, 1, 1]",3,from,2,1,"[-42, 1, 1]",2,1,"[-42, 1, 1]",_p,gained,2,1,"[-42, 1, 1]",2,1,"[-42, 1, 1]"
777,2,-42,"[1, -42, -42]",3,,1,-42,"[1, -1, -42]",2,1,"[1, -42, 1]",_d,gained,2,-42,"[1, -42, -42]",2,-42,"[-42, -42, 1]"
778,2,1,"[1, 1, -1]",3,,2,-42,"[-42, -1, -42]",2,1,"[1, 1, -1]",_od,gained,3,-42,"[-42, -42, -42]",2,1,"[1, 1, -1]"
779,3,1,"[1, 1, 1]",3,,2,-1,"[-1, -1, 1]",3,1,"[1, 1, 1]",_d,lifted,2,1,"[1, 1, -42]",3,1,"[1, 1, 1]"
780,2,1,"[1, -42, 1]",3,,1,-42,"[1, -42, -1]",3,1,"[1, 1, 1]",_od,lifted,2,-1,"[-42, -1, -1]",3,1,"[1, 1, 1]"
781,2,-42,"[-42, -1, -42]",3,in,2,-1,"[-1, -1, -42]",2,-1,"[-1, -42, -1]",_dp,lifted,2,1,"[-42, 1, 1]",3,-1,"[-1, -1, -1]"
782,2,-1,"[-42, -1, -1]",3,on,2,-42,"[-42, -42, -1]",2,-1,"[-1, -42, -1]",_dp,lifted,2,-42,"[1, -42, -42]",2,-1,"[-1, -42, -1]"
783,1,-42,"[-42, -1, 1]",3,with,2,1,"[-42, 1, 1]",2,1,"[-42, 1, 1]",_dp,lifted,2,-42,"[-42, -1, -42]",1,-42,"[-42, -1, 1]"
784,2,-1,"[-42, -1, -1]",3,from,2,-1,"[-42, -1, -1]",3,-1,"[-1, -1, -1]",_dp,lifted,2,1,"[1, 1, -42]",2,-1,"[-42, -1, -1]"
785,3,-42,"[-42, -42, -42]",3,,3,-42,"[-42, -42, -42]",2,-42,"[-42, -42, 1]",_d,expressed,2,-42,"[-42, -42, 1]",2,-42,"[-42, -42, 1]"
786,3,-42,"[-42, -42, -42]",3,,3,-42,"[-42, -42, -42]",3,-42,"[-42, -42, -42]",_od,expressed,2,-42,"[1, -42, -42]",3,-42,"[-42, -42, -42]"
787,2,-42,"[-1, -42, -42]",3,for,2,-42,"[-1, -42, -42]",2,-1,"[-1, -1, -42]",_op,accepted,3,-42,"[-42, -42, -42]",2,-42,"[-1, -42, -42]"
788,1,-42,"[1, -42, -1]",3,for,2,-1,"[-1, -42, -1]",1,-42,"[1, -42, -1]",_p,accepted,2,-42,"[-42, -42, 1]",1,-42,"[1, -42, -1]"
789,2,1,"[1, 1, -42]",3,,1,-42,"[-1, 1, -42]",3,1,"[1, 1, 1]",_d,accepted,2,-42,"[1, -42, -42]",2,1,"[1, 1, -42]"
790,2,-42,"[1, -42, -42]",3,,2,1,"[1, 1, -42]",3,1,"[1, 1, 1]",_od,accepted,2,-1,"[-1, -1, -42]",2,1,"[1, 1, -42]"
791,2,-1,"[-42, -1, -1]",3,in,2,-1,"[-42, -1, -1]",2,-1,"[-1, -42, -1]",_dp,accepted,3,-42,"[-42, -42, -42]",2,-42,"[-42, -42, -1]"
792,3,-42,"[-42, -42, -42]",3,for,2,-42,"[-1, -42, -42]",2,-1,"[-1, -1, -42]",_dp,accepted,3,-42,"[-42, -42, -42]",2,-1,"[-1, -1, -42]"
793,3,-42,"[-42, -42, -42]",3,as,2,-42,"[-42, 1, -42]",2,-42,"[-42, 1, -42]",_dp,accepted,3,-42,"[-42, -42, -42]",3,-42,"[-42, -42, -42]"
794,2,-1,"[-42, -1, -1]",3,in,2,-42,"[-1, -42, -42]",3,-1,"[-1, -1, -1]",_op,changed,2,-42,"[1, -42, -42]",2,-1,"[-42, -1, -1]"
795,3,-42,"[-42, -42, -42]",3,in,2,-42,"[-42, -1, -42]",2,-1,"[-1, -1, -42]",_p,changed,2,-42,"[1, -42, -42]",2,-42,"[-42, -1, -42]"
796,2,1,"[1, 1, -42]",3,,2,-42,"[-1, -42, -42]",2,1,"[1, 1, -42]",_d,changed,2,-42,"[1, -42, -42]",3,1,"[1, 1, 1]"
797,1,-42,"[-1, 1, -42]",3,,2,1,"[-42, 1, 1]",2,-42,"[-1, -42, -42]",_od,changed,3,-42,"[-42, -42, -42]",2,-42,"[-1, -42, -42]"
798,2,-42,"[-42, -1, -42]",3,on,2,-1,"[-42, -1, -1]",2,-1,"[-42, -1, -1]",_dp,changed,2,-42,"[-42, -1, -42]",3,-1,"[-1, -1, -1]"
799,3,-42,"[-42, -42, -42]",3,for,3,-42,"[-42, -42, -42]",3,-42,"[-42, -42, -42]",_op,covered,3,-42,"[-42, -42, -42]",3,-42,"[-42, -42, -42]"
800,3,-42,"[-42, -42, -42]",3,for,2,-42,"[-1, -42, -42]",3,-42,"[-42, -42, -42]",_p,covered,3,-42,"[-42, -42, -42]",3,-42,"[-42, -42, -42]"
801,2,1,"[1, 1, -42]",3,,3,-1,"[-1, -1, -1]",2,-1,"[1, -1, -1]",_d,covered,3,1,"[1, 1, 1]",2,-1,"[1, -1, -1]"
802,2,-42,"[-1, -42, -42]",3,,2,-1,"[-1, -1, -42]",2,1,"[1, 1, -42]",_od,covered,2,1,"[1, 1, -42]",2,-42,"[1, -42, -42]"
803,1,-42,"[-1, 1, -42]",3,in,1,-42,"[-1, 1, -42]",1,-42,"[-1, 1, -42]",_dp,covered,1,-42,"[1, -1, -42]",1,-42,"[-1, 1, -42]"
804,1,-42,"[-1, -42, 1]",3,with,3,1,"[1, 1, 1]",3,-1,"[-1, -1, -1]",_dp,covered,2,-42,"[-42, 1, -42]",2,1,"[-1, 1, 1]"
805,2,-42,"[-42, -42, -1]",3,for,2,-42,"[-42, -42, -1]",2,-42,"[-42, -42, -1]",_dp,covered,2,-42,"[-42, -42, 1]",2,-42,"[-42, -42, -1]"
806,2,1,"[-42, 1, 1]",3,,2,1,"[1, -1, 1]",3,1,"[1, 1, 1]",_d,contained,3,-42,"[-42, -42, -42]",3,1,"[1, 1, 1]"
807,2,1,"[-42, 1, 1]",3,,2,1,"[-42, 1, 1]",3,1,"[1, 1, 1]",_od,contained,1,-42,"[-42, 1, -1]",2,1,"[-1, 1, 1]"
808,2,-42,"[-42, -1, -42]",3,in,2,-42,"[-42, -1, -42]",3,-1,"[-1, -1, -1]",_dp,contained,2,-42,"[-42, -42, 1]",2,-1,"[-42, -1, -1]"
809,2,-42,"[-42, -42, 1]",3,,2,-42,"[-42, -1, -42]",2,-42,"[-42, -42, 1]",_d,touched,2,1,"[1, -42, 1]",2,-42,"[-42, -42, 1]"
810,3,-42,"[-42, -42, -42]",3,,2,-42,"[-42, -42, -1]",3,-42,"[-42, -42, -42]",_od,touched,2,1,"[-42, 1, 1]",3,-42,"[-42, -42, -42]"
811,3,1,"[1, 1, 1]",3,,2,-1,"[-1, 1, -1]",3,1,"[1, 1, 1]",_d,cast,2,-1,"[-1, -1, 1]",3,1,"[1, 1, 1]"
812,2,1,"[1, -42, 1]",3,,2,1,"[1, -42, 1]",2,1,"[1, -42, 1]",_od,cast,1,-42,"[-1, -42, 1]",2,1,"[1, -42, 1]"
